This is LuaHBTeX, Version 1.17.0 (TeX Live 2023)  (format=lualatex 2023.12.16)  10 SEP 2026 12:01
 restricted system commands enabled.
 file:line:error style messages enabled.
**c:/Users/o-all/Desktop/LaTeX_SYNC/LJA.tex
(c:/Users/o-all/Desktop/LaTeX_SYNC/LJA.tex
LaTeX2e <2023-11-01>
L3 programming layer <2023-12-11>
Lua module: luaotfload 2023-08-31 3.26 Lua based OpenType font support
Lua module: lualibs 2023-07-13 2.76 ConTeXt Lua standard libraries.
Lua module: lualibs-extended 2023-07-13 2.76 ConTeXt Lua libraries -- extended collection.
luaotfload | conf : Root cache directory is "C:/texlive/2023/texmf-var/luatex-cache/generic/names".
luaotfload | init : Loading fontloader "fontloader-2023-08-19.lua" from kpse-resolved path "c:/texlive/2023/texmf-dist/tex/luatex/luaotfload/fontloader-2023-08-19.lua".
Lua-only attribute luaotfload@noligature = 1
luaotfload | init : Context OpenType loader version 3.133
Inserting `luaotfload.node_processor' in `pre_linebreak_filter'.
Inserting `luaotfload.node_processor' in `hpack_filter'.
Inserting `luaotfload.glyph_stream' in `glyph_stream_provider'.
Inserting `luaotfload.define_font' in `define_font'.
Lua-only attribute luaotfload_color_attribute = 2
luaotfload | conf : Root cache directory is "C:/texlive/2023/texmf-var/luatex-cache/generic/names".
Inserting `luaotfload.harf.strip_prefix' in `find_opentype_file'.
Inserting `luaotfload.harf.strip_prefix' in `find_truetype_file'.
Removing  `luaotfload.glyph_stream' from `glyph_stream_provider'.
Inserting `luaotfload.harf.glyphstream' in `glyph_stream_provider'.
Inserting `luaotfload.harf.finalize_vlist' in `post_linebreak_filter'.
Inserting `luaotfload.harf.finalize_hlist' in `hpack_filter'.
Inserting `luaotfload.cleanup_files' in `wrapup_run'.
Inserting `luaotfload.harf.finalize_unicode' in `finish_pdffile'.
Inserting `luaotfload.glyphinfo' in `glyph_info'.
Lua-only attribute luaotfload.letterspace_done = 3
Inserting `luaotfload.aux.set_sscale_dimens' in `luaotfload.patch_font'.
Inserting `luaotfload.aux.set_font_index' in `luaotfload.patch_font'.
Inserting `luaotfload.aux.patch_cambria_domh' in `luaotfload.patch_font'.
Inserting `luaotfload.aux.fixup_fontdata' in `luaotfload.patch_font_unsafe'.
Inserting `luaotfload.aux.set_capheight' in `luaotfload.patch_font'.
Inserting `luaotfload.aux.set_xheight' in `luaotfload.patch_font'.
Inserting `luaotfload.rewrite_fontname' in `luaotfload.patch_font'.
Inserting `tracingstacklevels' in `input_level_string'. (c:/texlive/2023/texmf-dist/tex/latex/base/article.cls
Document Class: article 2023/05/17 v1.4n Standard LaTeX document class
(c:/texlive/2023/texmf-dist/tex/latex/base/size10.clo
File: size10.clo 2023/05/17 v1.4n Standard LaTeX file (size option)
luaotfload | db : Font names database loaded from C:/texlive/2023/texmf-var/luatex-cache/generic/names/luaotfload-names.luc.gz)
\c@part=\count185
\c@section=\count186
\c@subsection=\count187
\c@subsubsection=\count188
\c@paragraph=\count189
\c@subparagraph=\count190
\c@figure=\count191
\c@table=\count192
\abovecaptionskip=\skip48
\belowcaptionskip=\skip49
\bibindent=\dimen139
) (./_Template/Preambule_zero.tex (c:/texlive/2023/texmf-dist/tex/latex/polyglossia/polyglossia.sty
Package: polyglossia 2023/12/11 v1.66 Modern multilingual typesetting with XeLaTeX and LuaLaTeX
 (c:/texlive/2023/texmf-dist/tex/latex/etoolbox/etoolbox.sty
Package: etoolbox 2020/10/05 v2.5k e-TeX tools for LaTeX (JAW)
\etb@tempcnta=\count193
) (c:/texlive/2023/texmf-dist/tex/latex/xkeyval/xkeyval.sty
Package: xkeyval 2022/06/16 v2.9 package option processing (HA)
 (c:/texlive/2023/texmf-dist/tex/generic/xkeyval/xkeyval.tex (c:/texlive/2023/texmf-dist/tex/generic/xkeyval/xkvutils.tex
\XKV@toks=\toks17
\XKV@tempa@toks=\toks18
 (c:/texlive/2023/texmf-dist/tex/generic/xkeyval/keyval.tex))
\XKV@depth=\count194
File: xkeyval.tex 2014/12/03 v2.7a key=value parser (HA)
)) (c:/texlive/2023/texmf-dist/tex/latex/fontspec/fontspec.sty (c:/texlive/2023/texmf-dist/tex/latex/l3packages/xparse/xparse.sty (c:/texlive/2023/texmf-dist/tex/latex/l3kernel/expl3.sty
Package: expl3 2023-12-11 L3 programming layer (loader) 
 (c:/texlive/2023/texmf-dist/tex/latex/l3backend/l3backend-luatex.def
File: l3backend-luatex.def 2023-11-09 L3 backend support: PDF output (LuaTeX)
\l__color_backend_stack_int=\count195
Inserting `l3color' in `luaotfload.parse_color'.
\l__pdf_internal_box=\box51
))
Package: xparse 2023-10-10 L3 Experimental document command parser
)
Package: fontspec 2022/01/15 v2.8a Font selection for XeLaTeX and LuaLaTeX
Lua module: fontspec 2022/01/15 2.8a Font selection for XeLaTeX and LuaLaTeX (c:/texlive/2023/texmf-dist/tex/latex/fontspec/fontspec-luatex.sty
Package: fontspec-luatex 2022/01/15 v2.8a Font selection for XeLaTeX and LuaLaTeX
\l__fontspec_script_int=\count196
\l__fontspec_language_int=\count197
\l__fontspec_strnum_int=\count198
\l__fontspec_tmp_int=\count199
\l__fontspec_tmpa_int=\count266
\l__fontspec_tmpb_int=\count267
\l__fontspec_tmpc_int=\count268
\l__fontspec_em_int=\count269
\l__fontspec_emdef_int=\count270
\l__fontspec_strong_int=\count271
\l__fontspec_strongdef_int=\count272
\l__fontspec_tmpa_dim=\dimen140
\l__fontspec_tmpb_dim=\dimen141
\l__fontspec_tmpc_dim=\dimen142
 (c:/texlive/2023/texmf-dist/tex/latex/base/fontenc.sty
Package: fontenc 2021/04/29 v2.0v Standard LaTeX package
) (c:/texlive/2023/texmf-dist/tex/latex/fontspec/fontspec.cfg))) (c:/texlive/2023/texmf-dist/tex/generic/iftex/iftex.sty
Package: iftex 2022/02/03 v1.0f TeX engine tests
) (c:/texlive/2023/texmf-dist/tex/luatex/luatexbase/luatexbase.sty
Package: luatexbase 2015/10/04 v1.3 luatexbase interface to LuaTeX 
 (c:/texlive/2023/texmf-dist/tex/luatex/ctablestack/ctablestack.sty
Package: ctablestack 2015/10/01 v1.0 Catcode table stable support
\@catcodetablestackcnt=\count273
)
\CatcodeTableOther=\catcodetable14
\CatcodeTableExpl=\catcodetable15
)
Lua module: polyglossia 2013/05/11 1.3 Polyglossia (c:/texlive/2023/texmf-dist/tex/latex/polyglossia/gloss-latex.lde
Package: gloss-latex 2023/12/11 v1.66 polyglossia: module for default language
)
Package polyglossia Info: Default language is latex.
Package polyglossia Info: Setting LuaTeX font renderer to Harfbuzz.
) (c:/texlive/2023/texmf-dist/tex/latex/polyglossia/gloss-french.ldf
File: gloss-french.ldf polyglossia: module for French
Module polyglossia Info: Language data for french
(polyglossia)            synonyms	patois,francais
(polyglossia)            righthyphenmin	2
(polyglossia)            loader	loadhyph-fr.tex
(polyglossia)            lefthyphenmin	2
(polyglossia)            hyphenation	
(polyglossia)            patterns	hyph-fr.pat.txt on input line 17
Module polyglossia Info: Language french was not yet loaded; created with id 2 on input line 17
Lua-only attribute polyglossia_punct = 4
Package polyglossia Info: Option: French, variant=french.
)
Package polyglossia Info: Default language is french.
luaotfload | cache : Lookup cache loaded from C:/texlive/2023/texmf-var/luatex-cache/generic/names/luaotfload-lookup-cache.luc.

Package fontspec Info: Font family 'LibertinusSerif(0)' created for font
(fontspec)             'Libertinus Serif' with options
(fontspec)             [Renderer=Harfbuzz,Ligatures=TeX,Ligatures={TeX,
(fontspec)             Common, Historic, Rare},RawFeature =
(fontspec)             {+dlig,+hlig,+calt}].
(fontspec)              
(fontspec)              This font family consists of the following NFSS
(fontspec)             series/shapes:
(fontspec)              
(fontspec)             - 'normal' (m/n) with NFSS spec.:
(fontspec)             <->"LibertinusSerif:mode=harf;script=latn;language=dflt;+tlig;+liga;+hlig;+dlig;+dlig,+hlig,+calt;"
(fontspec)             - 'small caps'  (m/sc) with NFSS spec.:
(fontspec)             <->"LibertinusSerif:mode=harf;script=latn;language=dflt;+tlig;+liga;+hlig;+dlig;+dlig,+hlig,+calt;+smcp;"
(fontspec)             - 'bold' (b/n) with NFSS spec.:
(fontspec)             <->"LibertinusSerif/B:mode=harf;script=latn;language=dflt;+tlig;+liga;+hlig;+dlig;+dlig,+hlig,+calt;"
(fontspec)             - 'bold small caps'  (b/sc) with NFSS spec.:
(fontspec)             <->"LibertinusSerif/B:mode=harf;script=latn;language=dflt;+tlig;+liga;+hlig;+dlig;+dlig,+hlig,+calt;+smcp;"
(fontspec)             - 'italic' (m/it) with NFSS spec.:
(fontspec)             <->"LibertinusSerif/I:mode=harf;script=latn;language=dflt;+tlig;+liga;+hlig;+dlig;+dlig,+hlig,+calt;"
(fontspec)             - 'italic small caps'  (m/scit) with NFSS spec.:
(fontspec)             <->"LibertinusSerif/I:mode=harf;script=latn;language=dflt;+tlig;+liga;+hlig;+dlig;+dlig,+hlig,+calt;+smcp;"
(fontspec)             - 'bold italic' (b/it) with NFSS spec.:
(fontspec)             <->"LibertinusSerif/BI:mode=harf;script=latn;language=dflt;+tlig;+liga;+hlig;+dlig;+dlig,+hlig,+calt;"
(fontspec)             - 'bold italic small caps'  (b/scit) with NFSS spec.:
(fontspec)             <->"LibertinusSerif/BI:mode=harf;script=latn;language=dflt;+tlig;+liga;+hlig;+dlig;+dlig,+hlig,+calt;+smcp;"

 (c:/texlive/2023/texmf-dist/tex/latex/unicode-math/unicode-math.sty
Package: unicode-math 2023/08/13 v0.8r Unicode maths in XeLaTeX and LuaLaTeX
 (c:/texlive/2023/texmf-dist/tex/latex/unicode-math/unicode-math-luatex.sty
Package: unicode-math-luatex 2023/08/13 v0.8r Unicode maths in XeLaTeX and LuaLaTeX
 (c:/texlive/2023/texmf-dist/tex/latex/l3packages/l3keys2e/l3keys2e.sty
Package: l3keys2e 2023-10-10 LaTeX2e option processing using LaTeX3 keys
) (c:/texlive/2023/texmf-dist/tex/latex/base/fix-cm.sty
Package: fix-cm 2020/11/24 v1.1t fixes to LaTeX
 (c:/texlive/2023/texmf-dist/tex/latex/base/ts1enc.def
File: ts1enc.def 2001/06/05 v3.0e (jk/car/fm) Standard LaTeX file
LaTeX Font Info:    Redeclaring font encoding TS1 on input line 47.
)) (c:/texlive/2023/texmf-dist/tex/latex/amsmath/amsmath.sty
Package: amsmath 2023/05/13 v2.17o AMS math features
\@mathmargin=\skip50

For additional information on amsmath, use the `?' option.
(c:/texlive/2023/texmf-dist/tex/latex/amsmath/amstext.sty
Package: amstext 2021/08/26 v2.01 AMS text
 (c:/texlive/2023/texmf-dist/tex/latex/amsmath/amsgen.sty
File: amsgen.sty 1999/11/30 v2.0 generic functions
\@emptytoks=\toks19
\ex@=\dimen143
)) (c:/texlive/2023/texmf-dist/tex/latex/amsmath/amsbsy.sty
Package: amsbsy 1999/11/29 v1.2d Bold Symbols
\pmbraise@=\dimen144
) (c:/texlive/2023/texmf-dist/tex/latex/amsmath/amsopn.sty
Package: amsopn 2022/04/08 v2.04 operator names
)
\inf@bad=\count274
LaTeX Info: Redefining \frac on input line 236.
\uproot@=\count275
\leftroot@=\count276
LaTeX Info: Redefining \overline on input line 399.
LaTeX Info: Redefining \colon on input line 410.
\classnum@=\count277
\DOTSCASE@=\count278
LaTeX Info: Redefining \ldots on input line 496.
LaTeX Info: Redefining \dots on input line 499.
LaTeX Info: Redefining \cdots on input line 620.
\Mathstrutbox@=\box52
\strutbox@=\box53
LaTeX Info: Redefining \big on input line 722.
LaTeX Info: Redefining \Big on input line 723.
LaTeX Info: Redefining \bigg on input line 724.
LaTeX Info: Redefining \Bigg on input line 725.
\big@size=\dimen145
LaTeX Font Info:    Redeclaring font encoding OML on input line 743.
LaTeX Font Info:    Redeclaring font encoding OMS on input line 744.
\macc@depth=\count279
LaTeX Info: Redefining \bmod on input line 905.
LaTeX Info: Redefining \pmod on input line 910.
LaTeX Info: Redefining \smash on input line 940.
LaTeX Info: Redefining \relbar on input line 970.
LaTeX Info: Redefining \Relbar on input line 971.
\c@MaxMatrixCols=\count280
\dotsspace@=\muskip16
\c@parentequation=\count281
\dspbrk@lvl=\count282
\tag@help=\toks20
\row@=\count283
\column@=\count284
\maxfields@=\count285
\andhelp@=\toks21
\eqnshift@=\dimen146
\alignsep@=\dimen147
\tagshift@=\dimen148
\tagwidth@=\dimen149
\totwidth@=\dimen150
\lineht@=\dimen151
\@envbody=\toks22
\multlinegap=\skip51
\multlinetaggap=\skip52
\mathdisplay@stack=\toks23
LaTeX Info: Redefining \[ on input line 2953.
LaTeX Info: Redefining \] on input line 2954.
) (c:/texlive/2023/texmf-dist/tex/lualatex/lualatex-math/lualatex-math.sty
Package: lualatex-math 2022/01/01 v1.12 Patches for mathematics typesetting with LuaLaTeX
Lua module: lualatex-math 2013/08/03 1.3 Patches for mathematics typesetting with LuaLaTeX)
\g__um_fam_int=\count286
\g__um_fonts_used_int=\count287
\l__um_primecount_int=\count288
\g__um_primekern_muskip=\muskip17
 (c:/texlive/2023/texmf-dist/tex/latex/unicode-math/unicode-math-table.tex)))

Package fontspec Info: Could not resolve font "Erewhon-Math/B" (it probably
(fontspec)             doesn't exist).


Package fontspec Info: Font family 'Erewhon-Math(0)' created for font
(fontspec)             'Erewhon-Math' with options
(fontspec)             [Renderer=Harfbuzz,Renderer=Basic,BoldItalicFont={},ItalicFont={},SmallCapsFont={},Script=Math,RawFeature={mathfontdimen=xetex}].
(fontspec)              
(fontspec)              This font family consists of the following NFSS
(fontspec)             series/shapes:
(fontspec)              
(fontspec)             - 'normal' (m/n) with NFSS spec.:
(fontspec)             <->"Erewhon-Math:mode=base;script=math;language=dflt;mathfontdimen=xetex;"
(fontspec)             - 'small caps'  (m/sc) with NFSS spec.: 


Package fontspec Info: Could not resolve font "Erewhon-Math/B" (it probably
(fontspec)             doesn't exist).


Package fontspec Info: Font family 'Erewhon-Math(1)' created for font
(fontspec)             'Erewhon-Math' with options
(fontspec)             [Renderer=Harfbuzz,Renderer=Basic,BoldItalicFont={},ItalicFont={},SmallCapsFont={},Script=Math,SizeFeatures={{Size=8.5-},{Size=6.25-8.5,Font=Erewhon-Math,Style=MathScript},{Size=-6.25,Font=Erewhon-Math,Style=MathScriptScript}},RawFeature={mathfontdimen=xetex}].
(fontspec)              
(fontspec)              This font family consists of the following NFSS
(fontspec)             series/shapes:
(fontspec)              
(fontspec)             - 'normal' (m/n) with NFSS spec.:
(fontspec)             <8.5->"Erewhon-Math:mode=base;script=math;language=dflt;mathfontdimen=xetex;"<6.25-8.5>"Erewhon-Math:mode=base;script=math;language=dflt;mathfontdimen=xetex;+ssty=0;"<-6.25>"Erewhon-Math:mode=base;script=math;language=dflt;mathfontdimen=xetex;+ssty=1;"
(fontspec)             - 'small caps'  (m/sc) with NFSS spec.: 

LaTeX Font Info:    Encoding `OT1' has changed to `TU' for symbol font
(Font)              `operators' in the math version `normal' on input line 15.
LaTeX Font Info:    Overwriting symbol font `operators' in version `normal'
(Font)                  OT1/cmr/m/n --> TU/Erewhon-Math(1)/m/n on input line 15.
LaTeX Font Info:    Encoding `OT1' has changed to `TU' for symbol font
(Font)              `operators' in the math version `bold' on input line 15.
LaTeX Font Info:    Overwriting symbol font `operators' in version `bold'
(Font)                  OT1/cmr/bx/n --> TU/Erewhon-Math(1)/b/n on input line 15.

Package fontspec Info: Could not resolve font "Erewhon-Math/B" (it probably
(fontspec)             doesn't exist).


Package fontspec Info: Font family 'Erewhon-Math(2)' created for font
(fontspec)             'Erewhon-Math' with options
(fontspec)             [Renderer=Harfbuzz,Renderer=Basic,BoldItalicFont={},ItalicFont={},SmallCapsFont={},Script=Math,SizeFeatures={{Size=8.5-},{Size=6.25-8.5,Font=Erewhon-Math,Style=MathScript},{Size=-6.25,Font=Erewhon-Math,Style=MathScriptScript}},RawFeature={mathfontdimen=xetex},RawFeature={mathfontdimen=tex2}].
(fontspec)              
(fontspec)              This font family consists of the following NFSS
(fontspec)             series/shapes:
(fontspec)              
(fontspec)             - 'normal' (m/n) with NFSS spec.:
(fontspec)             <8.5->"Erewhon-Math:mode=base;script=math;language=dflt;mathfontdimen=xetex;mathfontdimen=tex2;"<6.25-8.5>"Erewhon-Math:mode=base;script=math;language=dflt;mathfontdimen=xetex;mathfontdimen=tex2;+ssty=0;"<-6.25>"Erewhon-Math:mode=base;script=math;language=dflt;mathfontdimen=xetex;mathfontdimen=tex2;+ssty=1;"
(fontspec)             - 'small caps'  (m/sc) with NFSS spec.: 

LaTeX Font Info:    Encoding `OMS' has changed to `TU' for symbol font
(Font)              `symbols' in the math version `normal' on input line 15.
LaTeX Font Info:    Overwriting symbol font `symbols' in version `normal'
(Font)                  OMS/cmsy/m/n --> TU/Erewhon-Math(2)/m/n on input line 15.
LaTeX Font Info:    Encoding `OMS' has changed to `TU' for symbol font
(Font)              `symbols' in the math version `bold' on input line 15.
LaTeX Font Info:    Overwriting symbol font `symbols' in version `bold'
(Font)                  OMS/cmsy/b/n --> TU/Erewhon-Math(2)/b/n on input line 15.

Package fontspec Info: Could not resolve font "Erewhon-Math/B" (it probably
(fontspec)             doesn't exist).


Package fontspec Info: Font family 'Erewhon-Math(3)' created for font
(fontspec)             'Erewhon-Math' with options
(fontspec)             [Renderer=Harfbuzz,Renderer=Basic,BoldItalicFont={},ItalicFont={},SmallCapsFont={},Script=Math,SizeFeatures={{Size=8.5-},{Size=6.25-8.5,Font=Erewhon-Math,Style=MathScript},{Size=-6.25,Font=Erewhon-Math,Style=MathScriptScript}},RawFeature={mathfontdimen=xetex},RawFeature={mathfontdimen=tex3}].
(fontspec)              
(fontspec)              This font family consists of the following NFSS
(fontspec)             series/shapes:
(fontspec)              
(fontspec)             - 'normal' (m/n) with NFSS spec.:
(fontspec)             <8.5->"Erewhon-Math:mode=base;script=math;language=dflt;mathfontdimen=xetex;mathfontdimen=tex3;"<6.25-8.5>"Erewhon-Math:mode=base;script=math;language=dflt;mathfontdimen=xetex;mathfontdimen=tex3;+ssty=0;"<-6.25>"Erewhon-Math:mode=base;script=math;language=dflt;mathfontdimen=xetex;mathfontdimen=tex3;+ssty=1;"
(fontspec)             - 'small caps'  (m/sc) with NFSS spec.: 

LaTeX Font Info:    Encoding `OMX' has changed to `TU' for symbol font
(Font)              `largesymbols' in the math version `normal' on input line 15.
LaTeX Font Info:    Overwriting symbol font `largesymbols' in version `normal'
(Font)                  OMX/cmex/m/n --> TU/Erewhon-Math(3)/m/n on input line 15.
LaTeX Font Info:    Encoding `OMX' has changed to `TU' for symbol font
(Font)              `largesymbols' in the math version `bold' on input line 15.
LaTeX Font Info:    Overwriting symbol font `largesymbols' in version `bold'
(Font)                  OMX/cmex/m/n --> TU/Erewhon-Math(3)/b/n on input line 15.
 (c:/texlive/2023/texmf-dist/tex/latex/microtype/microtype.sty
Package: microtype 2023/03/13 v3.1a Micro-typographical refinements (RS)
\MT@toks=\toks24
\MT@tempbox=\box54
\MT@count=\count289
LaTeX Info: Redefining \noprotrusionifhmode on input line 1059.
LaTeX Info: Redefining \leftprotrusion on input line 1060.
\MT@prot@toks=\toks25
LaTeX Info: Redefining \rightprotrusion on input line 1078.
LaTeX Info: Redefining \textls on input line 1368.
\MT@outer@kern=\dimen152
LaTeX Info: Redefining \textmicrotypecontext on input line 1988.
\MT@listname@count=\count290
 (c:/texlive/2023/texmf-dist/tex/latex/microtype/microtype-luatex.def
File: microtype-luatex.def 2023/03/13 v3.1a Definitions specific to luatex (RS)
Lua module: microtype 2023/03/13 3.1a microtype module.
Module microtype Info: overwriting function `keepligature' on input line 63
LaTeX Info: Redefining \lsstyle on input line 688.
LaTeX Info: Redefining \lslig on input line 688.
\MT@outer@space=\skip53
)
Package microtype Info: Loading configuration file microtype.cfg.
 (c:/texlive/2023/texmf-dist/tex/latex/microtype/microtype.cfg
File: microtype.cfg 2023/03/13 v3.1a microtype main configuration file (RS)
)) (c:/texlive/2023/texmf-dist/tex/latex/xcolor/xcolor.sty
Package: xcolor 2023/11/15 v3.01 LaTeX color extensions (UK)
 (c:/texlive/2023/texmf-dist/tex/latex/graphics-cfg/color.cfg
File: color.cfg 2016/01/02 v1.6 sample color configuration
)
Package xcolor Info: Driver file: luatex.def on input line 274.
 (c:/texlive/2023/texmf-dist/tex/latex/graphics-def/luatex.def
File: luatex.def 2022/09/22 v1.2d Graphics/color driver for luatex
) (c:/texlive/2023/texmf-dist/tex/latex/graphics/mathcolor.ltx)
Package xcolor Info: Model `cmy' substituted by `cmy0' on input line 1350.
Package xcolor Info: Model `hsb' substituted by `rgb' on input line 1354.
Package xcolor Info: Model `RGB' extended on input line 1366.
Package xcolor Info: Model `HTML' substituted by `rgb' on input line 1368.
Package xcolor Info: Model `Hsb' substituted by `hsb' on input line 1369.
Package xcolor Info: Model `tHsb' substituted by `hsb' on input line 1370.
Package xcolor Info: Model `HSB' substituted by `hsb' on input line 1371.
Package xcolor Info: Model `Gray' substituted by `gray' on input line 1372.
Package xcolor Info: Model `wave' substituted by `hsb' on input line 1373.
) (c:/texlive/2023/texmf-dist/tex/latex/pgf/frontendlayer/tikz.sty (c:/texlive/2023/texmf-dist/tex/latex/pgf/basiclayer/pgf.sty (c:/texlive/2023/texmf-dist/tex/latex/pgf/utilities/pgfrcs.sty (c:/texlive/2023/texmf-dist/tex/generic/pgf/utilities/pgfutil-common.tex
\pgfutil@everybye=\toks26
\pgfutil@tempdima=\dimen153
\pgfutil@tempdimb=\dimen154
) (c:/texlive/2023/texmf-dist/tex/generic/pgf/utilities/pgfutil-latex.def
\pgfutil@abb=\box55
) (c:/texlive/2023/texmf-dist/tex/generic/pgf/utilities/pgfrcs.code.tex (c:/texlive/2023/texmf-dist/tex/generic/pgf/pgf.revision.tex)
Package: pgfrcs 2023-01-15 v3.1.10 (3.1.10)
))
Package: pgf 2023-01-15 v3.1.10 (3.1.10)
 (c:/texlive/2023/texmf-dist/tex/latex/pgf/basiclayer/pgfcore.sty (c:/texlive/2023/texmf-dist/tex/latex/graphics/graphicx.sty
Package: graphicx 2021/09/16 v1.2d Enhanced LaTeX Graphics (DPC,SPQR)
 (c:/texlive/2023/texmf-dist/tex/latex/graphics/graphics.sty
Package: graphics 2022/03/10 v1.4e Standard LaTeX Graphics (DPC,SPQR)
 (c:/texlive/2023/texmf-dist/tex/latex/graphics/trig.sty
Package: trig 2021/08/11 v1.11 sin cos tan (DPC)
) (c:/texlive/2023/texmf-dist/tex/latex/graphics-cfg/graphics.cfg
File: graphics.cfg 2016/06/04 v1.11 sample graphics configuration
)
Package graphics Info: Driver file: luatex.def on input line 107.
)
\Gin@req@height=\dimen155
\Gin@req@width=\dimen156
) (c:/texlive/2023/texmf-dist/tex/latex/pgf/systemlayer/pgfsys.sty (c:/texlive/2023/texmf-dist/tex/generic/pgf/systemlayer/pgfsys.code.tex
Package: pgfsys 2023-01-15 v3.1.10 (3.1.10)
 (c:/texlive/2023/texmf-dist/tex/generic/pgf/utilities/pgfkeys.code.tex
\pgfkeys@pathtoks=\toks27
\pgfkeys@temptoks=\toks28
 (c:/texlive/2023/texmf-dist/tex/generic/pgf/utilities/pgfkeyslibraryfiltered.code.tex
\pgfkeys@tmptoks=\toks29
))
\pgf@x=\dimen157
\pgf@y=\dimen158
\pgf@xa=\dimen159
\pgf@ya=\dimen160
\pgf@xb=\dimen161
\pgf@yb=\dimen162
\pgf@xc=\dimen163
\pgf@yc=\dimen164
\pgf@xd=\dimen165
\pgf@yd=\dimen166
\w@pgf@writea=\write3
\r@pgf@reada=\read2
\c@pgf@counta=\count291
\c@pgf@countb=\count292
\c@pgf@countc=\count293
\c@pgf@countd=\count294
\t@pgf@toka=\toks30
\t@pgf@tokb=\toks31
\t@pgf@tokc=\toks32
\pgf@sys@id@count=\count295
 (c:/texlive/2023/texmf-dist/tex/generic/pgf/systemlayer/pgf.cfg
File: pgf.cfg 2023-01-15 v3.1.10 (3.1.10)
)
Driver file for pgf: pgfsys-luatex.def
 (c:/texlive/2023/texmf-dist/tex/generic/pgf/systemlayer/pgfsys-luatex.def
File: pgfsys-luatex.def 2023-01-15 v3.1.10 (3.1.10)
 (c:/texlive/2023/texmf-dist/tex/generic/pgf/systemlayer/pgfsys-common-pdf.def
File: pgfsys-common-pdf.def 2023-01-15 v3.1.10 (3.1.10)
))) (c:/texlive/2023/texmf-dist/tex/generic/pgf/systemlayer/pgfsyssoftpath.code.tex
File: pgfsyssoftpath.code.tex 2023-01-15 v3.1.10 (3.1.10)
\pgfsyssoftpath@smallbuffer@items=\count296
\pgfsyssoftpath@bigbuffer@items=\count297
) (c:/texlive/2023/texmf-dist/tex/generic/pgf/systemlayer/pgfsysprotocol.code.tex
File: pgfsysprotocol.code.tex 2023-01-15 v3.1.10 (3.1.10)
)) (c:/texlive/2023/texmf-dist/tex/generic/pgf/basiclayer/pgfcore.code.tex
Package: pgfcore 2023-01-15 v3.1.10 (3.1.10)
 (c:/texlive/2023/texmf-dist/tex/generic/pgf/math/pgfmath.code.tex (c:/texlive/2023/texmf-dist/tex/generic/pgf/math/pgfmathutil.code.tex) (c:/texlive/2023/texmf-dist/tex/generic/pgf/math/pgfmathparser.code.tex
\pgfmath@dimen=\dimen167
\pgfmath@count=\count298
\pgfmath@box=\box56
\pgfmath@toks=\toks33
\pgfmath@stack@operand=\toks34
\pgfmath@stack@operation=\toks35
) (c:/texlive/2023/texmf-dist/tex/generic/pgf/math/pgfmathfunctions.code.tex) (c:/texlive/2023/texmf-dist/tex/generic/pgf/math/pgfmathfunctions.basic.code.tex) (c:/texlive/2023/texmf-dist/tex/generic/pgf/math/pgfmathfunctions.trigonometric.code.tex) (c:/texlive/2023/texmf-dist/tex/generic/pgf/math/pgfmathfunctions.random.code.tex) (c:/texlive/2023/texmf-dist/tex/generic/pgf/math/pgfmathfunctions.comparison.code.tex) (c:/texlive/2023/texmf-dist/tex/generic/pgf/math/pgfmathfunctions.base.code.tex) (c:/texlive/2023/texmf-dist/tex/generic/pgf/math/pgfmathfunctions.round.code.tex) (c:/texlive/2023/texmf-dist/tex/generic/pgf/math/pgfmathfunctions.misc.code.tex) (c:/texlive/2023/texmf-dist/tex/generic/pgf/math/pgfmathfunctions.integerarithmetics.code.tex) (c:/texlive/2023/texmf-dist/tex/generic/pgf/math/pgfmathcalc.code.tex) (c:/texlive/2023/texmf-dist/tex/generic/pgf/math/pgfmathfloat.code.tex
\c@pgfmathroundto@lastzeros=\count299
)) (c:/texlive/2023/texmf-dist/tex/generic/pgf/math/pgfint.code.tex) (c:/texlive/2023/texmf-dist/tex/generic/pgf/basiclayer/pgfcorepoints.code.tex
File: pgfcorepoints.code.tex 2023-01-15 v3.1.10 (3.1.10)
\pgf@picminx=\dimen168
\pgf@picmaxx=\dimen169
\pgf@picminy=\dimen170
\pgf@picmaxy=\dimen171
\pgf@pathminx=\dimen172
\pgf@pathmaxx=\dimen173
\pgf@pathminy=\dimen174
\pgf@pathmaxy=\dimen175
\pgf@xx=\dimen176
\pgf@xy=\dimen177
\pgf@yx=\dimen178
\pgf@yy=\dimen179
\pgf@zx=\dimen180
\pgf@zy=\dimen181
) (c:/texlive/2023/texmf-dist/tex/generic/pgf/basiclayer/pgfcorepathconstruct.code.tex
File: pgfcorepathconstruct.code.tex 2023-01-15 v3.1.10 (3.1.10)
\pgf@path@lastx=\dimen182
\pgf@path@lasty=\dimen183
) (c:/texlive/2023/texmf-dist/tex/generic/pgf/basiclayer/pgfcorepathusage.code.tex
File: pgfcorepathusage.code.tex 2023-01-15 v3.1.10 (3.1.10)
\pgf@shorten@end@additional=\dimen184
\pgf@shorten@start@additional=\dimen185
) (c:/texlive/2023/texmf-dist/tex/generic/pgf/basiclayer/pgfcorescopes.code.tex
File: pgfcorescopes.code.tex 2023-01-15 v3.1.10 (3.1.10)
\pgfpic=\box57
\pgf@hbox=\box58
\pgf@layerbox@main=\box59
\pgf@picture@serial@count=\count300
) (c:/texlive/2023/texmf-dist/tex/generic/pgf/basiclayer/pgfcoregraphicstate.code.tex
File: pgfcoregraphicstate.code.tex 2023-01-15 v3.1.10 (3.1.10)
\pgflinewidth=\dimen186
) (c:/texlive/2023/texmf-dist/tex/generic/pgf/basiclayer/pgfcoretransformations.code.tex
File: pgfcoretransformations.code.tex 2023-01-15 v3.1.10 (3.1.10)
\pgf@pt@x=\dimen187
\pgf@pt@y=\dimen188
\pgf@pt@temp=\dimen189
) (c:/texlive/2023/texmf-dist/tex/generic/pgf/basiclayer/pgfcorequick.code.tex
File: pgfcorequick.code.tex 2023-01-15 v3.1.10 (3.1.10)
) (c:/texlive/2023/texmf-dist/tex/generic/pgf/basiclayer/pgfcoreobjects.code.tex
File: pgfcoreobjects.code.tex 2023-01-15 v3.1.10 (3.1.10)
) (c:/texlive/2023/texmf-dist/tex/generic/pgf/basiclayer/pgfcorepathprocessing.code.tex
File: pgfcorepathprocessing.code.tex 2023-01-15 v3.1.10 (3.1.10)
) (c:/texlive/2023/texmf-dist/tex/generic/pgf/basiclayer/pgfcorearrows.code.tex
File: pgfcorearrows.code.tex 2023-01-15 v3.1.10 (3.1.10)
\pgfarrowsep=\dimen190
) (c:/texlive/2023/texmf-dist/tex/generic/pgf/basiclayer/pgfcoreshade.code.tex
File: pgfcoreshade.code.tex 2023-01-15 v3.1.10 (3.1.10)
\pgf@max=\dimen191
\pgf@sys@shading@range@num=\count301
\pgf@shadingcount=\count302
) (c:/texlive/2023/texmf-dist/tex/generic/pgf/basiclayer/pgfcoreimage.code.tex
File: pgfcoreimage.code.tex 2023-01-15 v3.1.10 (3.1.10)
) (c:/texlive/2023/texmf-dist/tex/generic/pgf/basiclayer/pgfcoreexternal.code.tex
File: pgfcoreexternal.code.tex 2023-01-15 v3.1.10 (3.1.10)
\pgfexternal@startupbox=\box60
) (c:/texlive/2023/texmf-dist/tex/generic/pgf/basiclayer/pgfcorelayers.code.tex
File: pgfcorelayers.code.tex 2023-01-15 v3.1.10 (3.1.10)
) (c:/texlive/2023/texmf-dist/tex/generic/pgf/basiclayer/pgfcoretransparency.code.tex
File: pgfcoretransparency.code.tex 2023-01-15 v3.1.10 (3.1.10)
) (c:/texlive/2023/texmf-dist/tex/generic/pgf/basiclayer/pgfcorepatterns.code.tex
File: pgfcorepatterns.code.tex 2023-01-15 v3.1.10 (3.1.10)
) (c:/texlive/2023/texmf-dist/tex/generic/pgf/basiclayer/pgfcorerdf.code.tex
File: pgfcorerdf.code.tex 2023-01-15 v3.1.10 (3.1.10)
))) (c:/texlive/2023/texmf-dist/tex/generic/pgf/modules/pgfmoduleshapes.code.tex
File: pgfmoduleshapes.code.tex 2023-01-15 v3.1.10 (3.1.10)
\pgfnodeparttextbox=\box61
) (c:/texlive/2023/texmf-dist/tex/generic/pgf/modules/pgfmoduleplot.code.tex
File: pgfmoduleplot.code.tex 2023-01-15 v3.1.10 (3.1.10)
) (c:/texlive/2023/texmf-dist/tex/latex/pgf/compatibility/pgfcomp-version-0-65.sty
Package: pgfcomp-version-0-65 2023-01-15 v3.1.10 (3.1.10)
\pgf@nodesepstart=\dimen192
\pgf@nodesepend=\dimen193
) (c:/texlive/2023/texmf-dist/tex/latex/pgf/compatibility/pgfcomp-version-1-18.sty
Package: pgfcomp-version-1-18 2023-01-15 v3.1.10 (3.1.10)
)) (c:/texlive/2023/texmf-dist/tex/latex/pgf/utilities/pgffor.sty (c:/texlive/2023/texmf-dist/tex/latex/pgf/utilities/pgfkeys.sty (c:/texlive/2023/texmf-dist/tex/generic/pgf/utilities/pgfkeys.code.tex)) (c:/texlive/2023/texmf-dist/tex/latex/pgf/math/pgfmath.sty (c:/texlive/2023/texmf-dist/tex/generic/pgf/math/pgfmath.code.tex)) (c:/texlive/2023/texmf-dist/tex/generic/pgf/utilities/pgffor.code.tex
Package: pgffor 2023-01-15 v3.1.10 (3.1.10)
\pgffor@iter=\dimen194
\pgffor@skip=\dimen195
\pgffor@stack=\toks36
\pgffor@toks=\toks37
)) (c:/texlive/2023/texmf-dist/tex/generic/pgf/frontendlayer/tikz/tikz.code.tex
Package: tikz 2023-01-15 v3.1.10 (3.1.10)
 (c:/texlive/2023/texmf-dist/tex/generic/pgf/libraries/pgflibraryplothandlers.code.tex
File: pgflibraryplothandlers.code.tex 2023-01-15 v3.1.10 (3.1.10)
\pgf@plot@mark@count=\count303
\pgfplotmarksize=\dimen196
)
\tikz@lastx=\dimen197
\tikz@lasty=\dimen198
\tikz@lastxsaved=\dimen199
\tikz@lastysaved=\dimen256
\tikz@lastmovetox=\dimen257
\tikz@lastmovetoy=\dimen258
\tikzleveldistance=\dimen259
\tikzsiblingdistance=\dimen260
\tikz@figbox=\box62
\tikz@figbox@bg=\box63
\tikz@tempbox=\box64
\tikz@tempbox@bg=\box65
\tikztreelevel=\count304
\tikznumberofchildren=\count305
\tikznumberofcurrentchild=\count306
\tikz@fig@count=\count307
 (c:/texlive/2023/texmf-dist/tex/generic/pgf/modules/pgfmodulematrix.code.tex
File: pgfmodulematrix.code.tex 2023-01-15 v3.1.10 (3.1.10)
\pgfmatrixcurrentrow=\count308
\pgfmatrixcurrentcolumn=\count309
\pgf@matrix@numberofcolumns=\count310
)
\tikz@expandcount=\count311
 (c:/texlive/2023/texmf-dist/tex/generic/pgf/frontendlayer/tikz/libraries/tikzlibrarytopaths.code.tex
File: tikzlibrarytopaths.code.tex 2023-01-15 v3.1.10 (3.1.10)
))) (c:/texlive/2023/texmf-dist/tex/generic/pgf/frontendlayer/tikz/libraries/tikzlibrarypatterns.code.tex
File: tikzlibrarypatterns.code.tex 2023-01-15 v3.1.10 (3.1.10)
 (c:/texlive/2023/texmf-dist/tex/generic/pgf/libraries/pgflibrarypatterns.code.tex
File: pgflibrarypatterns.code.tex 2023-01-15 v3.1.10 (3.1.10)
)) (c:/texlive/2023/texmf-dist/tex/generic/pgf/frontendlayer/tikz/libraries/tikzlibrarydecorations.fractals.code.tex (c:/texlive/2023/texmf-dist/tex/generic/pgf/frontendlayer/tikz/libraries/tikzlibrarydecorations.code.tex (c:/texlive/2023/texmf-dist/tex/generic/pgf/modules/pgfmoduledecorations.code.tex
\pgfdecoratedcompleteddistance=\dimen261
\pgfdecoratedremainingdistance=\dimen262
\pgfdecoratedinputsegmentcompleteddistance=\dimen263
\pgfdecoratedinputsegmentremainingdistance=\dimen264
\pgf@decorate@distancetomove=\dimen265
\pgf@decorate@repeatstate=\count312
\pgfdecorationsegmentamplitude=\dimen266
\pgfdecorationsegmentlength=\dimen267
)
\tikz@lib@dec@box=\box66
) (c:/texlive/2023/texmf-dist/tex/generic/pgf/libraries/decorations/pgflibrarydecorations.fractals.code.tex)) (c:/texlive/2023/texmf-dist/tex/generic/pgf/frontendlayer/tikz/libraries/tikzlibrarydecorations.text.code.tex (c:/texlive/2023/texmf-dist/tex/generic/pgf/libraries/decorations/pgflibrarydecorations.text.code.tex
\pgf@lib@dec@text@box=\box67
)
\tikz@lib@dec@te@box=\box68
) (c:/texlive/2023/texmf-dist/tex/generic/pgf/frontendlayer/tikz/libraries/tikzlibraryangles.code.tex
File: tikzlibraryangles.code.tex 2023-01-15 v3.1.10 (3.1.10)
) (c:/texlive/2023/texmf-dist/tex/generic/pgf/frontendlayer/tikz/libraries/tikzlibraryquotes.code.tex
File: tikzlibraryquotes.code.tex 2023-01-15 v3.1.10 (3.1.10)
) (c:/texlive/2023/texmf-dist/tex/generic/pgf/frontendlayer/tikz/libraries/tikzlibraryshapes.multipart.code.tex
File: tikzlibraryshapes.multipart.code.tex 2023-01-15 v3.1.10 (3.1.10)
 (c:/texlive/2023/texmf-dist/tex/generic/pgf/libraries/shapes/pgflibraryshapes.multipart.code.tex
File: pgflibraryshapes.multipart.code.tex 2023-01-15 v3.1.10 (3.1.10)
\pgfnodepartlowerbox=\box69
\pgfnodeparttwobox=\box70
\pgfnodepartthreebox=\box71
\pgfnodepartfourbox=\box72
\pgfnodeparttwentybox=\box73
\pgfnodepartnineteenbox=\box74
\pgfnodeparteighteenbox=\box75
\pgfnodepartseventeenbox=\box76
\pgfnodepartsixteenbox=\box77
\pgfnodepartfifteenbox=\box78
\pgfnodepartfourteenbox=\box79
\pgfnodepartthirteenbox=\box80
\pgfnodeparttwelvebox=\box81
\pgfnodepartelevenbox=\box82
\pgfnodeparttenbox=\box83
\pgfnodepartninebox=\box84
\pgfnodeparteightbox=\box85
\pgfnodepartsevenbox=\box86
\pgfnodepartsixbox=\box87
\pgfnodepartfivebox=\box88
)) (c:/texlive/2023/texmf-dist/tex/generic/pgf/libraries/pgflibraryarrows.meta.code.tex
File: pgflibraryarrows.meta.code.tex 2023-01-15 v3.1.10 (3.1.10)
\pgfarrowinset=\dimen268
\pgfarrowlength=\dimen269
\pgfarrowwidth=\dimen270
\pgfarrowlinewidth=\dimen271
) (c:/texlive/2023/texmf-dist/tex/generic/pgf/frontendlayer/tikz/libraries/tikzlibrarycalc.code.tex
File: tikzlibrarycalc.code.tex 2023-01-15 v3.1.10 (3.1.10)
) (c:/texlive/2023/texmf-dist/tex/latex/tikzmark/tikzlibrarytikzmark.code.tex
File: tikzlibrarytikzmark.code.tex 2022/08/24 v1.15 TikZ library for marking positions in a document
\l__sn_x_dim=\dimen272
\l__sn_y_dim=\dimen273
\l__sn_xa_dim=\dimen274
\l__sn_ya_dim=\dimen275
) (c:/texlive/2023/texmf-dist/tex/generic/pgf/frontendlayer/tikz/libraries/tikzlibrarypositioning.code.tex
File: tikzlibrarypositioning.code.tex 2023-01-15 v3.1.10 (3.1.10)
) (c:/texlive/2023/texmf-dist/tex/generic/pgf/frontendlayer/tikz/libraries/tikzlibraryshapes.geometric.code.tex
File: tikzlibraryshapes.geometric.code.tex 2023-01-15 v3.1.10 (3.1.10)
 (c:/texlive/2023/texmf-dist/tex/generic/pgf/libraries/shapes/pgflibraryshapes.geometric.code.tex
File: pgflibraryshapes.geometric.code.tex 2023-01-15 v3.1.10 (3.1.10)
)) (c:/texlive/2023/texmf-dist/tex/latex/tcolorbox/tcolorbox.sty
Package: tcolorbox 2023/09/26 version 6.1.0 text color boxes
 (c:/texlive/2023/texmf-dist/tex/latex/tools/verbatim.sty
Package: verbatim 2023-11-06 v1.5v LaTeX2e package for verbatim enhancements
\every@verbatim=\toks38
\verbatim@line=\toks39
\verbatim@in@stream=\read3
) (c:/texlive/2023/texmf-dist/tex/latex/environ/environ.sty
Package: environ 2014/05/04 v0.3 A new way to define environments
 (c:/texlive/2023/texmf-dist/tex/latex/trimspaces/trimspaces.sty
Package: trimspaces 2009/09/17 v1.1 Trim spaces around a token list
))
\tcb@titlebox=\box89
\tcb@upperbox=\box90
\tcb@lowerbox=\box91
\tcb@phantombox=\box92
\c@tcbbreakpart=\count313
\c@tcblayer=\count314
\c@tcolorbox@number=\count315
\tcb@temp=\box93
\tcb@temp=\box94
\tcb@temp=\box95
\tcb@temp=\box96
 (c:/texlive/2023/texmf-dist/tex/latex/tcolorbox/tcbraster.code.tex
Library (tcolorbox): 'tcbraster.code.tex' version '6.1.0'
\c@tcbrastercolumn=\count316
\c@tcbrasterrow=\count317
\c@tcbrasternum=\count318
\c@tcbraster=\count319
) (c:/texlive/2023/texmf-dist/tex/latex/tcolorbox/tcbskins.code.tex
Library (tcolorbox): 'tcbskins.code.tex' version '6.1.0'
(c:/texlive/2023/texmf-dist/tex/latex/tikzfill/tikzfill.image.sty
Package: tikzfill.image 2023/08/08 v1.0.1 Image filling library for TikZ
 (c:/texlive/2023/texmf-dist/tex/latex/tikzfill/tikzfill-common.sty
Package: tikzfill-common 2023/08/08 v1.0.1 Auxiliary code for tikzfill
) (c:/texlive/2023/texmf-dist/tex/latex/tikzfill/tikzlibraryfill.image.code.tex
File: tikzlibraryfill.image.code.tex 2023/08/08 v1.0.1 Image filling library
\l__tikzfill_img_box=\box97
)) (c:/texlive/2023/texmf-dist/tex/latex/tcolorbox/tcbskinsjigsaw.code.tex
Library (tcolorbox): 'tcbskinsjigsaw.code.tex' version '6.1.0'
)) (c:/texlive/2023/texmf-dist/tex/latex/tcolorbox/tcbbreakable.code.tex
Library (tcolorbox): 'tcbbreakable.code.tex' version '6.1.0'
(c:/texlive/2023/texmf-dist/tex/latex/pdfcol/pdfcol.sty
Package: pdfcol 2022-09-21 v1.7 Handle new color stacks for pdfTeX (HO)
 (c:/texlive/2023/texmf-dist/tex/generic/ltxcmds/ltxcmds.sty
Package: ltxcmds 2023-12-04 v1.26 LaTeX kernel commands for general use (HO)
) (c:/texlive/2023/texmf-dist/tex/generic/infwarerr/infwarerr.sty
Package: infwarerr 2019/12/03 v1.5 Providing info/warning/error messages (HO)
))
Package pdfcol Info: New color stack `tcb@breakable' = 1 on input line 23.
\tcb@testbox=\box98
\tcb@totalupperbox=\box99
\tcb@totallowerbox=\box100
 (c:/texlive/2023/texmf-dist/tex/generic/iftex/ifluatex.sty
Package: ifluatex 2019/10/25 v1.5 ifluatex legacy package. Use iftex instead.
)) (c:/texlive/2023/texmf-dist/tex/latex/tcolorbox/tcbhooks.code.tex
Library (tcolorbox): 'tcbhooks.code.tex' version '6.1.0'
) (c:/texlive/2023/texmf-dist/tex/latex/tcolorbox/tcbtheorems.code.tex
Library (tcolorbox): 'tcbtheorems.code.tex' version '6.1.0'
) (c:/texlive/2023/texmf-dist/tex/latex/tcolorbox/tcbfitting.code.tex
Library (tcolorbox): 'tcbfitting.code.tex' version '6.1.0'
\tcbfitdim=\dimen276
\tcb@lowerfitdim=\dimen277
\tcb@upperfitdim=\dimen278
\tcb@cur@hbadness=\count320
) (c:/texlive/2023/texmf-dist/tex/latex/tcolorbox/tcblistingsutf8.code.tex
Library (tcolorbox): 'tcblistingsutf8.code.tex' version '6.1.0'
(c:/texlive/2023/texmf-dist/tex/latex/tcolorbox/tcblistings.code.tex
Library (tcolorbox): 'tcblistings.code.tex' version '6.1.0'
(c:/texlive/2023/texmf-dist/tex/latex/listings/listings.sty
\lst@mode=\count321
\lst@gtempboxa=\box101
\lst@token=\toks40
\lst@length=\count322
\lst@currlwidth=\dimen279
\lst@column=\count323
\lst@pos=\count324
\lst@lostspace=\dimen280
\lst@width=\dimen281
\lst@newlines=\count325
\lst@lineno=\count326
\lst@maxwidth=\dimen282
 (c:/texlive/2023/texmf-dist/tex/latex/listings/lstmisc.sty
File: lstmisc.sty 2023/02/27 1.9 (Carsten Heinz)
\c@lstnumber=\count327
\lst@skipnumbers=\count328
\lst@framebox=\box102
) (c:/texlive/2023/texmf-dist/tex/latex/listings/listings.cfg
File: listings.cfg 2023/02/27 1.9 listings configuration
))
Package: listings 2023/02/27 1.9 (Carsten Heinz)
 (c:/texlive/2023/texmf-dist/tex/latex/tcolorbox/tcblistingscore.code.tex
Library (tcolorbox): 'tcblistingscore.code.tex' version '6.1.0'
(c:/texlive/2023/texmf-dist/tex/latex/tcolorbox/tcbprocessing.code.tex
Library (tcolorbox): 'tcbprocessing.code.tex' version '6.1.0'
(c:/texlive/2023/texmf-dist/tex/generic/pdftexcmds/pdftexcmds.sty
Package: pdftexcmds 2020-06-27 v0.33 Utility functions of pdfTeX for LuaTeX (HO)
Package pdftexcmds Info: \pdf@primitive is available.
Package pdftexcmds Info: \pdf@ifprimitive is available.
Package pdftexcmds Info: \pdfdraftmode found.
\pdftexcmds@toks=\toks41
) (c:/texlive/2023/texmf-dist/tex/latex/tools/shellesc.sty
Package: shellesc 2023/07/08 v1.0d unified shell escape interface for LaTeX
Package shellesc Info: Restricted shell escape enabled on input line 77.
))
\c@tcblisting=\count329
))
Package tcolorbox Info: Library `listingsutf8' is compatible with pdftex only. Library `listings` is loaded instead. on input line 29.
) (c:/texlive/2023/texmf-dist/tex/latex/tcolorbox/tcbexternal.code.tex
Library (tcolorbox): 'tcbexternal.code.tex' version '6.1.0'
) (c:/texlive/2023/texmf-dist/tex/latex/tcolorbox/tcbmagazine.code.tex
Library (tcolorbox): 'tcbmagazine.code.tex' version '6.1.0'
) (c:/texlive/2023/texmf-dist/tex/latex/tcolorbox/tcbvignette.code.tex
Library (tcolorbox): 'tcbvignette.code.tex' version '6.1.0'
(c:/texlive/2023/texmf-dist/tex/generic/pgf/frontendlayer/tikz/libraries/tikzlibraryfadings.code.tex
File: tikzlibraryfadings.code.tex 2023-01-15 v3.1.10 (3.1.10)
 (c:/texlive/2023/texmf-dist/tex/generic/pgf/libraries/pgflibraryfadings.code.tex
File: pgflibraryfadings.code.tex 2023-01-15 v3.1.10 (3.1.10)
))) (c:/texlive/2023/texmf-dist/tex/latex/tcolorbox/tcbposter.code.tex
Library (tcolorbox): 'tcbposter.code.tex' version '6.1.0'
)) (c:/texlive/2023/texmf-dist/tex/latex/tabularray/tabularray.sty
Package: tabularray 2023-03-01 v2023A Typeset tabulars and arrays with LaTeX3
\l__tblr_a_int=\count330
\l__tblr_c_int=\count331
\l__tblr_r_int=\count332
\l__tblr_d_dim=\dimen283
\l__tblr_h_dim=\dimen284
\l__tblr_o_dim=\dimen285
\l__tblr_p_dim=\dimen286
\l__tblr_q_dim=\dimen287
\l__tblr_r_dim=\dimen288
\l__tblr_s_dim=\dimen289
\l__tblr_t_dim=\dimen290
\l__tblr_v_dim=\dimen291
\l__tblr_w_dim=\dimen292
\l__tblr_a_box=\box103
\l__tblr_b_box=\box104
\l__tblr_c_box=\box105
\l__tblr_d_box=\box106
\g__tblr_table_count_int=\count333
\c@rownum=\count334
\c@colnum=\count335
\c@rowcount=\count336
\c@colcount=\count337
\abovesep=\dimen293
\belowsep=\dimen294
\leftsep=\dimen295
\rightsep=\dimen296
\g_tblr_level_int=\count338
\g__tblr_data_row_key_count_int=\count339
\g__tblr_data_column_key_count_int=\count340
\g__tblr_data_cell_key_count_int=\count341
\g__tblr_array_int=\count342
\l__tblr_key_count_int=\count343
\l__tblr_key_quotient_int=\count344
\l__tblr_key_quotient_two_int=\count345
\l__tblr_key_remainder_int=\count346
\g__tblr_data_str_value_count_int=\count347
\rulewidth=\dimen297
\l__tblr_strut_dp_dim=\dimen298
\l__tblr_strut_ht_dim=\dimen299
\g__tblr_cell_wd_dim=\dimen300
\g__tblr_cell_ht_dim=\dimen301
\g__tblr_cell_head_dim=\dimen302
\g__tblr_cell_foot_dim=\dimen303
\l__column_target_dim=\dimen304
\l__tblr_caption_box=\box107
\l__tblr_caption_left_box=\box108
\l__tblr_row_head_box=\box109
\l__tblr_row_foot_box=\box110
\l__tblr_row_head_foot_dim=\dimen305
\tablewidth=\dimen306
\l__tblr_table_firsthead_box=\box111
\l__tblr_table_middlehead_box=\box112
\l__tblr_table_lasthead_box=\box113
\l__tblr_table_firstfoot_box=\box114
\l__tblr_table_middlefoot_box=\box115
\l__tblr_table_lastfoot_box=\box116
\l__tblr_remain_height_dim=\dimen307
\l__tblr_long_from_int=\count348
\l__tblr_long_to_int=\count349
\l__tblr_curr_i_int=\count350
\l__tblr_prev_i_int=\count351
\l__tblr_table_page_int=\count352
\l__tblr_table_head_box=\box117
\l__tblr_table_foot_box=\box118
\l__tblr_table_head_foot_dim=\dimen308
\l__tblr_table_head_body_foot_dim=\dimen309
\l__tblr_table_box=\box119
\l__tblr_table_hlines_box=\box120
\l__tblr_hline_box=\box121
\l__tblr_row_box=\box122
\l__tblr_col_o_wd_dim=\dimen310
\l__tblr_col_b_wd_dim=\dimen311
\l__tblr_hline_leftskip_dim=\dimen312
\l__tblr_hline_rightskip_dim=\dimen313
\l__tblr_row_ht_dim=\dimen314
\l__tblr_row_dp_dim=\dimen315
\l__tblr_row_abovesep_dim=\dimen316
\l__tblr_row_belowsep_dim=\dimen317
\l__tblr_row_vlines_box=\box123
\l__tblr_vline_box=\box124
\l__tblr_cell_box=\box125
\l__row_upper_dim=\dimen318
\l__row_lower_dim=\dimen319
\l__row_vpace_dim=\dimen320
\l__tblr_vline_aboveskip_dim=\dimen321
\l__tblr_vline_belowskip_dim=\dimen322
\l__tblr_cell_wd_dim=\dimen323
\l__tblr_cell_ht_dim=\dimen324
\l__tblr_diag_box=\box126
) (c:/texlive/2023/texmf-dist/tex/latex/tools/array.sty
Package: array 2023/10/16 v2.5g Tabular extension package (FMi)
\col@sep=\dimen325
\ar@mcellbox=\box127
\extrarowheight=\dimen326
\NC@list=\toks42
\extratabsurround=\skip54
\backup@length=\skip55
\ar@cellbox=\box128
) (c:/texlive/2023/texmf-dist/tex/latex/comment/comment.sty
\CommentStream=\write4
 Excluding comment 'comment') (c:/texlive/2023/texmf-dist/tex/latex/enumitem/enumitem.sty
Package: enumitem 2019/06/20 v3.9 Customized lists
\enitkv@toks@=\toks43
\labelindent=\skip56
\enit@outerparindent=\dimen327
\enit@toks=\toks44
\enit@inbox=\box129
\enit@count@id=\count353
\enitdp@description=\count354
) (c:/texlive/2023/texmf-dist/tex/latex/hyperref/hyperref.sty
Package: hyperref 2023-11-26 v7.01g Hypertext links for LaTeX
 (c:/texlive/2023/texmf-dist/tex/latex/kvsetkeys/kvsetkeys.sty
Package: kvsetkeys 2022-10-05 v1.19 Key value parser (HO)
) (c:/texlive/2023/texmf-dist/tex/generic/kvdefinekeys/kvdefinekeys.sty
Package: kvdefinekeys 2019-12-19 v1.6 Define keys (HO)
) (c:/texlive/2023/texmf-dist/tex/generic/pdfescape/pdfescape.sty
Package: pdfescape 2019/12/09 v1.15 Implements pdfTeX's escape features (HO)
) (c:/texlive/2023/texmf-dist/tex/latex/hycolor/hycolor.sty
Package: hycolor 2020-01-27 v1.10 Color options for hyperref/bookmark (HO)
) (c:/texlive/2023/texmf-dist/tex/latex/letltxmacro/letltxmacro.sty
Package: letltxmacro 2019/12/03 v1.6 Let assignment for LaTeX macros (HO)
) (c:/texlive/2023/texmf-dist/tex/latex/auxhook/auxhook.sty
Package: auxhook 2019-12-17 v1.6 Hooks for auxiliary files (HO)
) (c:/texlive/2023/texmf-dist/tex/latex/hyperref/nameref.sty
Package: nameref 2023-11-26 v2.56 Cross-referencing by name of section
 (c:/texlive/2023/texmf-dist/tex/latex/refcount/refcount.sty
Package: refcount 2019/12/15 v3.6 Data extraction from label references (HO)
) (c:/texlive/2023/texmf-dist/tex/generic/gettitlestring/gettitlestring.sty
Package: gettitlestring 2019/12/15 v1.6 Cleanup title references (HO)
 (c:/texlive/2023/texmf-dist/tex/latex/kvoptions/kvoptions.sty
Package: kvoptions 2022-06-15 v3.15 Key value format for package options (HO)
))
\c@section@level=\count355
)
\@linkdim=\dimen328
\Hy@linkcounter=\count356
\Hy@pagecounter=\count357
 (c:/texlive/2023/texmf-dist/tex/latex/hyperref/pd1enc.def
File: pd1enc.def 2023-11-26 v7.01g Hyperref: PDFDocEncoding definition (HO)
) (c:/texlive/2023/texmf-dist/tex/generic/intcalc/intcalc.sty
Package: intcalc 2019/12/15 v1.3 Expandable calculations with integers (HO)
)
\Hy@SavedSpaceFactor=\count358
 (c:/texlive/2023/texmf-dist/tex/latex/hyperref/puenc.def
File: puenc.def 2023-11-26 v7.01g Hyperref: PDF Unicode definition (HO)
)
Package hyperref Info: Hyper figures OFF on input line 4181.
Package hyperref Info: Link nesting OFF on input line 4186.
Package hyperref Info: Hyper index ON on input line 4189.
Package hyperref Info: Plain pages OFF on input line 4196.
Package hyperref Info: Backreferencing OFF on input line 4201.
Package hyperref Info: Implicit mode ON; LaTeX internals redefined.
Package hyperref Info: Bookmarks ON on input line 4448.
\c@Hy@tempcnt=\count359
 (c:/texlive/2023/texmf-dist/tex/latex/url/url.sty
\Urlmuskip=\muskip18
Package: url 2013/09/16  ver 3.4  Verb mode for urls, etc.
)
LaTeX Info: Redefining \url on input line 4786.
\XeTeXLinkMargin=\dimen329
 (c:/texlive/2023/texmf-dist/tex/generic/bitset/bitset.sty
Package: bitset 2019/12/09 v1.3 Handle bit-vector datatype (HO)
 (c:/texlive/2023/texmf-dist/tex/generic/bigintcalc/bigintcalc.sty
Package: bigintcalc 2019/12/15 v1.5 Expandable calculations on big integers (HO)
))
\Fld@menulength=\count360
\Field@Width=\dimen330
\Fld@charsize=\dimen331
Package hyperref Info: Hyper figures OFF on input line 6065.
Package hyperref Info: Link nesting OFF on input line 6070.
Package hyperref Info: Hyper index ON on input line 6073.
Package hyperref Info: backreferencing OFF on input line 6080.
Package hyperref Info: Link coloring OFF on input line 6085.
Package hyperref Info: Link coloring with OCG OFF on input line 6090.
Package hyperref Info: PDF/A mode OFF on input line 6095.
 (c:/texlive/2023/texmf-dist/tex/latex/base/atbegshi-ltx.sty
Package: atbegshi-ltx 2021/01/10 v1.0c Emulation of the original atbegshi
package with kernel methods
)
\Hy@abspage=\count361
\c@Item=\count362
\c@Hfootnote=\count363
)
Package hyperref Info: Driver (autodetected): hluatex.
 (c:/texlive/2023/texmf-dist/tex/latex/hyperref/hluatex.def
File: hluatex.def 2023-11-26 v7.01g Hyperref driver for luaTeX
 (c:/texlive/2023/texmf-dist/tex/generic/stringenc/stringenc.sty
Package: stringenc 2019/11/29 v1.12 Convert strings between diff. encodings (HO)
) (c:/texlive/2023/texmf-dist/tex/latex/base/atveryend-ltx.sty
Package: atveryend-ltx 2020/08/19 v1.0a Emulation of the original atveryend package
with kernel methods
)
\Fld@listcount=\count364
\c@bookmark@seq@number=\count365
 (c:/texlive/2023/texmf-dist/tex/latex/rerunfilecheck/rerunfilecheck.sty
Package: rerunfilecheck 2022-07-10 v1.10 Rerun checks for auxiliary files (HO)
 (c:/texlive/2023/texmf-dist/tex/generic/uniquecounter/uniquecounter.sty
Package: uniquecounter 2019/12/15 v1.4 Provide unlimited unique counter (HO)
)
Package uniquecounter Info: New unique counter `rerunfilecheck' on input line 285.
)
\Hy@SectionHShift=\skip57
)
Package hyperref Info: Option `colorlinks' set `true' on input line 94.
) (./_Template/Preambule_DC.tex (c:/texlive/2023/texmf-dist/tex/latex/geometry/geometry.sty
Package: geometry 2020/01/02 v5.9 Page Geometry
 (c:/texlive/2023/texmf-dist/tex/generic/iftex/ifvtex.sty
Package: ifvtex 2019/10/25 v1.7 ifvtex legacy package. Use iftex instead.
)
\Gm@cnth=\count366
\Gm@cntv=\count367
\c@Gm@tempcnt=\count368
\Gm@bindingoffset=\dimen332
\Gm@wd@mp=\dimen333
\Gm@odd@mp=\dimen334
\Gm@even@mp=\dimen335
\Gm@layoutwidth=\dimen336
\Gm@layoutheight=\dimen337
\Gm@layouthoffset=\dimen338
\Gm@layoutvoffset=\dimen339
\Gm@dimlist=\toks45
) (c:/texlive/2023/texmf-dist/tex/latex/ccicons/ccicons.sty
Package: ccicons 2017/10/30 v1.6 LaTeX support for Creative Commons icons
)
\c@omedcounter=\count369
) (c:/texlive/2023/texmf-dist/tex/luatex/luatexja/luatexja.sty
Package: luatexja 2023-10-10 Japanese Typesetting with Lua(La)TeX
 (c:/texlive/2023/texmf-dist/tex/luatex/luatexja/luatexja-core.sty
Package: luatexja-core 2023-04-06 Core of LuaTeX-ja
 (c:/texlive/2023/texmf-dist/tex/latex/everyhook/everyhook.sty (c:/texlive/2023/texmf-dist/tex/latex/svn-prov/svn-prov.sty
Package: svn-prov 2010/04/24 v3.1862 Package Date/Version from SVN Keywords
)
Package: everyhook 2014/11/26 v1.2 (SVN Rev: 12)\ Hooks for low level TeX everyX primitives.
\everypar=\toks46
\frozen@everymath=\toks47
\frozen@everydisplay=\toks48
\everyhbox=\toks49
\everyvbox=\toks50
\everycr=\toks51
)
\ltjlineendcomment=\count370
\ltj@dimen@zw=\dimen340
\ltj@dimen@zh=\dimen341
\ltj@dimen@jQ=\dimen342
\ltj@icflag=\attribute5
\ltj@curjfnt=\attribute6
\ltj@curtfnt=\attribute7
\ltj@charclass=\attribute8
\ltj@charcode=\attribute9
\ltj@autospc=\attribute10
\ltj@autoxspc=\attribute11
\ltj@yablshift=\attribute12
\ltj@ykblshift=\attribute13
\ltj@tablshift=\attribute14
\ltj@tkblshift=\attribute15
\jfam=\attribute16
\ltj@vert@ori=\attribute17
\ltj@dir=\attribute18
\ltj@@japanese=\language3
\ltj@tempcnta=\count371
\ltj@tempdima=\dimen343
\ltj@@stack=\count372
\ltj@@group@level=\count373
\ltj@kcat0=\attribute19
\ltj@kcat1=\attribute20
\ltj@kcat2=\attribute21
\ltj@kcat3=\attribute22
\ltj@kcat4=\attribute23
\ltj@kcat5=\attribute24
\ltj@kcat6=\attribute25
Custom whatsit inhibitglue = 1
Custom whatsit stack_marker = 2
Custom whatsit begin_par = 3
Custom whatsit direction = 4
Custom whatsit box_boundary = 5
Custom whatsit ja_al_boundary = 6(load cache: ltj-cid-auto-adobe-japan1.luc)
Lua module: luatexja.charrange 2022-08-19 Handling the range of Japanese characters
Lua module: luatexja.stack 2022-08-20 LuaTeX-ja stack system
Inserting `ltj.create_dir_whatsit' in `hpack_filter'.
Inserting `ltj.create_dir_whatsit' in `post_linebreak_filter'.
Inserting `ltj.direction' in `vpack_filter'.
Inserting `ltj.direction' in `pre_output_filter'.
Inserting `ltj.lineskip' in `post_linebreak_filter'.
Inserting `ltj.lineskip' in `append_to_vlist_filter'.
Lua module: luatexja.jfont 2023-04-06 Loader for Japanese fonts
Removing  `luaotfload.define_font' from `define_font'.
Inserting `luatexja.font_callback' in `define_font'.
Removing  `luaotfload.aux.set_sscale_dimens' from `luaotfload.patch_font'.
Removing  `luaotfload.aux.set_font_index' from `luaotfload.patch_font'.
Removing  `luaotfload.aux.patch_cambria_domh' from `luaotfload.patch_font'.
Removing  `luaotfload.aux.set_capheight' from `luaotfload.patch_font'.
Removing  `luaotfload.aux.set_xheight' from `luaotfload.patch_font'.
Removing  `luaotfload.rewrite_fontname' from `luaotfload.patch_font'.
Inserting `ltj.prepare_extra_data' in `luaotfload.patch_font'.
Inserting `luaotfload.aux.set_sscale_dimens' in `luaotfload.patch_font'.
Inserting `luaotfload.aux.set_font_index' in `luaotfload.patch_font'.
Inserting `luaotfload.aux.patch_cambria_domh' in `luaotfload.patch_font'.
Inserting `luaotfload.aux.set_capheight' in `luaotfload.patch_font'.
Inserting `luaotfload.aux.set_xheight' in `luaotfload.patch_font'.
Inserting `luaotfload.rewrite_fontname' in `luaotfload.patch_font'.
Inserting `ltj.prepare_extra_data' in `luatexja.define_font'.(load cache: extra_lmroman10-regular.luc)(load cache: extra_lmroman10-bold.luc)(load cache: extra_libertinusserif-regular.luc)(load cache: extra_libertinusserif-bolditalic.luc)(load cache: extra_libertinusserif-bold.luc)(load cache: extra_libertinusserif-italic.luc)(load cache: extra_erewhon-math.luc)
Inserting `ltj.get_vert_form' in `luatexja.define_jfont'.
Removing  `ltj.prepare_extra_data' from `luaotfload.patch_font'.
Removing  `luaotfload.aux.set_sscale_dimens' from `luaotfload.patch_font'.
Removing  `luaotfload.aux.set_font_index' from `luaotfload.patch_font'.
Removing  `luaotfload.aux.patch_cambria_domh' from `luaotfload.patch_font'.
Removing  `luaotfload.aux.set_capheight' from `luaotfload.patch_font'.
Removing  `luaotfload.aux.set_xheight' from `luaotfload.patch_font'.
Removing  `luaotfload.rewrite_fontname' from `luaotfload.patch_font'.
Inserting `ltj.supply_tounicode' in `luaotfload.patch_font'.
Inserting `ltj.prepare_extra_data' in `luaotfload.patch_font'.
Inserting `luaotfload.aux.set_sscale_dimens' in `luaotfload.patch_font'.
Inserting `luaotfload.aux.set_font_index' in `luaotfload.patch_font'.
Inserting `luaotfload.aux.patch_cambria_domh' in `luaotfload.patch_font'.
Inserting `luaotfload.aux.set_capheight' in `luaotfload.patch_font'.
Inserting `luaotfload.aux.set_xheight' in `luaotfload.patch_font'.
Inserting `luaotfload.rewrite_fontname' in `luaotfload.patch_font'.
Inserting `ltj.process_input_buffer' in `process_input_buffer'.
Inserting `ltj.hyphenate' in `hyphenate'.
Removing  `luaotfload.node_processor' from `hpack_filter'.
Removing  `luaotfload.harf.finalize_hlist' from `hpack_filter'.
Removing  `ltj.create_dir_whatsit' from `hpack_filter'.
Inserting `ltj.set_stack_level' in `hpack_filter'.
Inserting `luaotfload.node_processor' in `hpack_filter'.
Inserting `luaotfload.harf.finalize_hlist' in `hpack_filter'.
Inserting `ltj.create_dir_whatsit' in `hpack_filter'.
Removing  `luaotfload.node_processor' from `pre_linebreak_filter'.
Inserting `ltj.set_stack_level' in `pre_linebreak_filter'.
Inserting `luaotfload.node_processor' in `pre_linebreak_filter'.
Lua module: luatexja.jfmglue 2022-08-29 Insertion process of JFM glues, [x]kanjiskip and others
Inserting `luatexja.beginpar.np_info' in `luatexja.jfmglue.whatsit_getinfo'.
Inserting `luatexja.beginpar.np_info_after' in `luatexja.jfmglue.whatsit_after'.
Inserting `ltj.mlist_to_hlist_pre' in `pre_mlist_to_hlist_filter'.
Inserting `ltj.main' in `pre_linebreak_filter'.
Removing  `luaotfload.harf.finalize_hlist' from `hpack_filter'.
Removing  `ltj.create_dir_whatsit' from `hpack_filter'.
Inserting `ltj.main' in `hpack_filter'.
Inserting `luaotfload.harf.finalize_hlist' in `hpack_filter'.
Inserting `ltj.create_dir_whatsit' in `hpack_filter'.
Removing  `ltj.set_stack_level' from `pre_linebreak_filter'.
Removing  `luaotfload.node_processor' from `pre_linebreak_filter'.
Removing  `ltj.main' from `pre_linebreak_filter'.
Inserting `ltj.adjust_icflag' in `pre_linebreak_filter'.
Inserting `ltj.set_stack_level' in `pre_linebreak_filter'.
Inserting `luaotfload.node_processor' in `pre_linebreak_filter'.
Inserting `ltj.main' in `pre_linebreak_filter'.
Removing  `ltj.set_stack_level' from `hpack_filter'.
Removing  `luaotfload.node_processor' from `hpack_filter'.
Removing  `ltj.main' from `hpack_filter'.
Removing  `luaotfload.harf.finalize_hlist' from `hpack_filter'.
Removing  `ltj.create_dir_whatsit' from `hpack_filter'.
Inserting `ltj.adjust_icflag' in `hpack_filter'.
Inserting `ltj.set_stack_level' in `hpack_filter'.
Inserting `luaotfload.node_processor' in `hpack_filter'.
Inserting `ltj.main' in `hpack_filter'.
Inserting `luaotfload.harf.finalize_hlist' in `hpack_filter'.
Inserting `ltj.create_dir_whatsit' in `hpack_filter'. (c:/texlive/2023/texmf-dist/tex/luatex/luatexja/ltj-base.sty
Package: ltj-base 2021-03-16
\ltj@tempcntb=\count374
\ltj@tempcntc=\count375
\ltj@afbox=\box130
)
\ltj@@italic@inner=\luafunction25
\ltj@@start@time@measure@inner=\luafunction26
\ltj@@stop@time@measure@inner=\luafunction27
\ltj@@jfont@inner=\luafunction28
\ltj@zw@inner=\luafunction29
\ltj@zh@inner=\luafunction30
\ltj@reset@globaldefs@inner=\luafunction31
\ltj@restore@globaldefs@inner=\luafunction32
\ltj@@disihb@inner=\luafunction33
\ltj@@ihb@inner=\luafunction34
\ltj@@fakeparbegin@inner=\luafunction35
\ltj@@fakeboxbdd@inner=\luafunction36
\ltj@@ins@xk@inner=\luafunction37
\ltj@@ins@k@inner=\luafunction38
\ltjsetkanjiskip@inner=\luafunction39
\ltjsetxkanjiskip@inner=\luafunction40
\ltj@@getparam@one@inner=\luafunction41
\ltj@alljachar@inner=\luafunction42
\ltj@@lua@populate@insertwhatsit@inner=\luafunction43
\ltj@@vadjust@begin@inner=\luafunction44
\ltj@@vadjust@dirhook@inner=\luafunction45
\ltj@@vadjust@check@dir@inner=\luafunction46
\ltj@@box@dirhook@inner=\luafunction47
\ltj@@reset@badness@inner=\luafunction48
\ltj@@lua@raisebox@inner=\luafunction49
\ltj@@vsplit@inner=\luafunction50
\ltj@@lua@unboxcheckdir@inner=\luafunction51
\ltj@@lua@uncopycheckdir@inner=\luafunction52
\ltj@@lua@uncopy@restore@whatsit@inner=\luafunction53
(load cache: ltj-kinsoku_default.luc) (c:/texlive/2023/texmf-dist/tex/luatex/luatexja/ltj-latex.sty
Package: ltj-latex 2022-10-15 LaTeX support of LuaTeX-ja
Inserting `ltj.direction' in `pre_shipout_filter'. (c:/texlive/2023/texmf-dist/tex/luatex/luatexja/patches/lltjfont.sty
Package: lltjfont 2023-04-13 Patch to NFSS2 for LuaTeX-ja
\ltj@@latex@plv=\count376
 (c:/texlive/2023/texmf-dist/tex/latex/base/tuenc.def
File: tuenc.def 2021/04/29 v2.0v Standard LaTeX file
\@remove@tlig@@@=\luafunction54
LaTeX Font Info:    Redeclaring font encoding TU on input line 105.
)
\Cht=\dimen344
\cht=\dimen345
\Cdp=\dimen346
\cdp=\dimen347
\Cwd=\dimen348
\cwd=\dimen349
\Cvs=\dimen350
\cvs=\dimen351
\Chs=\dimen352
\chs=\dimen353
\cHT=\dimen354
\dstrutbox=\box131
\tstrutbox=\box132
\zstrutbox=\box133
LaTeX Info: Redefining \strut on input line 91.
\ltj@@add@fenc@@inner=\luafunction55
\ltj@@add@kyenc@@inner=\luafunction56
\ltj@@add@ktenc@@inner=\luafunction57
\ltj@@is@kyenc@@inner=\luafunction58
\ltj@@is@ktenc@@inner=\luafunction59
\ltj@@is@kenc@@inner=\luafunction60
\ltj@@is@ffam@@inner=\luafunction61
\ltj@@add@ffam@@inner=\luafunction62
\ltj@@add@kfam@@inner=\luafunction63
\ltj@@adjust@baseline@inner=\luafunction64
LaTeX Info: Redefining \fontencoding on input line 646.
LaTeX Info: Redefining \fontfamily on input line 689.
LaTeX Info: Redefining \fontseries on input line 923.
LaTeX Info: Redefining \fontseriesforce on input line 924.
LaTeX Info: Redefining \fontshape on input line 944.
LaTeX Info: Redefining \fontshapeforce on input line 955.
\ltj@@jfont@@jfmonly@@inner=\luafunction65
\ltj@@does@alt@set@@inner=\luafunction66
\ltj@@cipath@clear@inner=\luafunction67
) (c:/texlive/2023/texmf-dist/tex/luatex/luatexja/patches/lltjdefs.sty
Package: lltjdefs 2022-01-23 Default font settings of LuaTeX-ja
LaTeX Font Info:    Font shape `JT3/mc/m/n' will be
(Font)              scaled to size 9.6222pt on input line 79.

(c:/texlive/2023/texmf-dist/tex/luatex/luatexja/jfm-ujisv.lua)
LaTeX Font Info:    Font shape `JY3/mc/m/n' will be
(Font)              scaled to size 9.6222pt on input line 79.
(load cache: extra_haranoajimincho-regular.luc)
(c:/texlive/2023/texmf-dist/tex/luatex/luatexja/jfm-ujis.lua)
\symmincho=\mathgroup4
LaTeX Font Info:    Overwriting symbol font `mincho' in version `bold'
(Font)                  JY3/mc/m/n --> JY3/gt/m/n on input line 88.
) (c:/texlive/2023/texmf-dist/tex/luatex/luatexja/patches/lltjcore.sty
Package: lltjcore 2023-02-26 Patch to LaTeX2e Kernel for LuaTeX-ja
\@tombowwidth=\dimen355
\@TL=\box134
\@Tl=\box135
\@TC=\box136
\@TR=\box137
\@Tr=\box138
\@BL=\box139
\@Bl=\box140
\@BC=\box141
\@BR=\box142
\@Br=\box143
\@CL=\box144
\@CR=\box145
(load cache: extra_lmmono9-regular.luc)
\@bannertoken=\toks52
\@@paperheight=\dimen356
\@@paperwidth=\dimen357
\@@topmargin=\dimen358
LaTeX Info: Redefining \underline on input line 280.
) (c:/texlive/2023/texmf-dist/tex/luatex/luatexja/patches/lltjp-atbegshi.sty
Package: lltjp-atbegshi 2022-08-12 Patching \shipout hooks for LuaTeX-ja
\l__platex_shipout_dummy_box=\box146
) (c:/texlive/2023/texmf-dist/tex/luatex/luatexja/patches/lltjp-listings.sty (c:/texlive/2023/texmf-dist/tex/luatex/luatexbase/luatexbase-cctb.sty
Package: luatexbase-cctb 2015/10/04 v1.3 luatexbase interface to LuaTeX (legacy subpackage) 
)
\ltj@lst@japanese@min=\count377
\CatcodeTableLTJlistings=\catcodetable16
\ltj@lst@frame@lslimit=\dimen359
 (c:/texlive/2023/texmf-dist/tex/latex/listings/lstmisc.sty
File: lstmisc.sty 2023/02/27 1.9 (Carsten Heinz)
\lst@WFtoken=\toks53
\lst@WF=\write5
)) (c:/texlive/2023/texmf-dist/tex/luatex/luatexja/patches/lltjp-fontspec.sty) (c:/texlive/2023/texmf-dist/tex/luatex/luatexja/patches/lltjp-unicode-math.sty) (c:/texlive/2023/texmf-dist/tex/luatex/luatexja/patches/lltjp-microtype.sty

Package luatexja Warning: LuaTeX-ja's patch against the microtype package 
(luatexja)                (lltjp-microtype.sty, 2019-11-08) may not work.

) (c:/texlive/2023/texmf-dist/tex/luatex/luatexja/patches/lltjp-geometry.sty
Package: lltjp-geometry 2021-10-24 Patch to geometry for LuaTeX-ja with vertical writing mode
))
\ltj@temp@cctb=\catcodetable17
) (c:/texlive/2023/texmf-dist/tex/luatex/luatexja/luatexja-compat.sty
Package: luatexja-compat 2020-08-08 Compatibility with pTeX
(load cache: ltj-jisx0208.luc)
\hour=\count378
\minute=\count379
)) (c:/texlive/2023/texmf-dist/tex/luatex/luatexja/addons/luatexja-fontspec.sty
Package: luatexja-fontspec 2020-09-14 fontspec support of LuaTeX-ja
LaTeX Font Info:    Font shape `JT3/mc/m/n' will be
(Font)              scaled to size 15.39551pt on input line 16.
LaTeX Font Info:    Font shape `JY3/mc/m/n' will be
(Font)              scaled to size 15.39551pt on input line 16.
 (c:/texlive/2023/texmf-dist/tex/luatex/luatexja/addons/luatexja-fontspec-27c.sty
Package: luatexja-fontspec-27c 2020-04-04 fontspec support of LuaTeX-ja
\g__ltj_fontspec_altnumber_int=\count380
)) (c:/texlive/2023/texmf-dist/tex/luatex/luatexja/addons/luatexja-ruby.sty
Package: luatexja-ruby 2023-10-08 v0.62
\ltj@rubyattr=\attribute26
Lua module: luatexja.ruby 2022-12-31 Ruby annotation
Custom whatsit ruby_pre = 7
Custom whatsit ruby_post = 8
Inserting `ltj.ruby.pre' in `pre_linebreak_filter'.
Inserting `ltj.ruby.pre' in `hpack_filter'.
Inserting `ltj.ruby.post_break' in `post_linebreak_filter'.
Inserting `ltj.ruby.post_hbox' in `hpack_filter'.
Removing  `luatexja.beginpar.np_info' from `luatexja.jfmglue.whatsit_getinfo'.
Inserting `luatexja.ruby.np_info' in `luatexja.jfmglue.whatsit_getinfo'.
Inserting `luatexja.beginpar.np_info' in `luatexja.jfmglue.whatsit_getinfo'.
Removing  `luatexja.beginpar.np_info_after' from `luatexja.jfmglue.whatsit_after'.
Inserting `luatexja.ruby.np_info_after' in `luatexja.jfmglue.whatsit_after'.
Inserting `luatexja.beginpar.np_info_after' in `luatexja.jfmglue.whatsit_after'.
Inserting `luatexja.ruby.np_info_last_minute' in `luatexja.jfmglue.whatsit_last_minute'.) (c:/texlive/2023/texmf-dist/tex/latex/setspace/setspace.sty
Package: setspace 2022/12/04 v6.7b set line spacing
) (c:/texlive/2023/texmf-dist/tex/luatex/luatexja/patches/lltjp-array.sty
Package: lltjp-array 2019-07-18 Patch to array for LuaTeX-ja
)
LaTeX Font Info:    Font shape `JY3/mc/m/n' will be
(Font)              scaled to size 9.6222pt on input line 32.
 (./LJA.aux)
\openout1 = LJA.aux

LaTeX Font Info:    Checking defaults for OML/cmm/m/it on input line 32.
LaTeX Font Info:    ... okay on input line 32.
LaTeX Font Info:    Checking defaults for OMS/cmsy/m/n on input line 32.
LaTeX Font Info:    ... okay on input line 32.
LaTeX Font Info:    Checking defaults for OT1/cmr/m/n on input line 32.
LaTeX Font Info:    ... okay on input line 32.
LaTeX Font Info:    Checking defaults for T1/cmr/m/n on input line 32.
LaTeX Font Info:    ... okay on input line 32.
LaTeX Font Info:    Checking defaults for TS1/cmr/m/n on input line 32.
LaTeX Font Info:    ... okay on input line 32.
LaTeX Font Info:    Checking defaults for TU/lmr/m/n on input line 32.
LaTeX Font Info:    ... okay on input line 32.
LaTeX Font Info:    Checking defaults for OMX/cmex/m/n on input line 32.
LaTeX Font Info:    ... okay on input line 32.
LaTeX Font Info:    Checking defaults for U/cmr/m/n on input line 32.
LaTeX Font Info:    ... okay on input line 32.
LaTeX Font Info:    Checking defaults for PD1/pdf/m/n on input line 32.
LaTeX Font Info:    ... okay on input line 32.
LaTeX Font Info:    Checking defaults for PU/pdf/m/n on input line 32.
LaTeX Font Info:    ... okay on input line 32.
LaTeX Font Info:    Checking defaults for JY3/mc/m/n on input line 32.
LaTeX Font Info:    ... okay on input line 32.
LaTeX Font Info:    Checking defaults for JT3/mc/m/n on input line 32.
LaTeX Font Info:    ... okay on input line 32.
LaTeX Font Info:    Overwriting math alphabet `\mathrm' in version `normal'
(Font)                  TU/Erewhon-Math(1)/m/n --> TU/LibertinusSerif(0)/m/n on input line 32.
LaTeX Font Info:    Overwriting math alphabet `\mathit' in version `normal'
(Font)                  OT1/cmr/m/it --> TU/LibertinusSerif(0)/m/it on input line 32.
LaTeX Font Info:    Overwriting math alphabet `\mathbf' in version `normal'
(Font)                  OT1/cmr/bx/n --> TU/LibertinusSerif(0)/b/n on input line 32.
LaTeX Font Info:    Overwriting math alphabet `\mathsf' in version `normal'
(Font)                  OT1/cmss/m/n --> TU/lmss/m/n on input line 32.
LaTeX Font Info:    Overwriting math alphabet `\mathsf' in version `bold'
(Font)                  OT1/cmss/bx/n --> TU/lmss/b/n on input line 32.
LaTeX Font Info:    Overwriting math alphabet `\mathtt' in version `normal'
(Font)                  OT1/cmtt/m/n --> TU/lmtt/m/n on input line 32.
LaTeX Font Info:    Overwriting math alphabet `\mathtt' in version `bold'
(Font)                  OT1/cmtt/m/n --> TU/lmtt/b/n on input line 32.
LaTeX Info: Redefining \microtypecontext on input line 32.
Package microtype Info: Applying patch `item' on input line 32.
Package microtype Info: Applying patch `toc' on input line 32.
Package microtype Info: Applying patch `eqnum' on input line 32.


Package microtype Warning: Unable to apply patch `footnote' on input line 32.

Package microtype Info: Applying patch `verbatim' on input line 32.
Package microtype Info: Generating PDF output.
Package microtype Info: Character protrusion enabled (level 2).
Package microtype Info: Using default protrusion set `alltext'.
Package microtype Info: Automatic font expansion enabled (level 2),
(microtype)             stretch: 20, shrink: 20, step: 1, non-selected.
Package microtype Info: Using default expansion set `alltext-nott'.
LaTeX Info: Redefining \showhyphens on input line 32.
Package microtype Info: No adjustment of tracking.
Package microtype Info: No adjustment of spacing.
Package microtype Info: No adjustment of kerning.
Package microtype Info: Loading generic protrusion settings for font family
(microtype)             `LibertinusSerif' (encoding: TU).
(microtype)             For optimal results, create family-specific settings.
(microtype)             See the microtype manual for details.
(c:/texlive/2023/texmf-dist/tex/context/base/mkii/supp-pdf.mkii
[Loading MPS to PDF converter (version 2006.09.02).]
\scratchcounter=\count381
\scratchdimen=\dimen360
\scratchbox=\box147
\nofMPsegments=\count382
\nofMParguments=\count383
\everyMPshowfont=\toks54
\MPscratchCnt=\count384
\MPscratchDim=\dimen361
\MPnumerator=\count385
\makeMPintoPDFobject=\count386
\everyMPtoPDFconversion=\toks55
) (c:/texlive/2023/texmf-dist/tex/latex/epstopdf-pkg/epstopdf-base.sty
Package: epstopdf-base 2020-01-24 v2.11 Base part for package epstopdf
Package epstopdf-base Info: Redefining graphics rule for `.eps' on input line 485.
 (c:/texlive/2023/texmf-dist/tex/latex/latexconfig/epstopdf-sys.cfg
File: epstopdf-sys.cfg 2010/07/13 v1.3 Configuration of (r)epstopdf for TeX Live
))
\c@lstlisting=\count387
 (c:/texlive/2023/texmf-dist/tex/latex/ninecolors/ninecolors.sty
Package: ninecolors 2022-02-13 v2022D Select colors with proper color contrast
)
Package hyperref Info: Link coloring ON on input line 32.
 (./LJA.out) (./LJA.out)
\@outlinefile=\write6

\openout6 = LJA.out

*geometry* driver: auto-detecting
*geometry* detected driver: luatex
*geometry* verbose mode - [ preamble ] result:
* driver: luatex
* paper: a4paper
* layout: <same size as paper>
* layoutoffset:(h,v)=(0.0pt,0.0pt)
* modes: 
* h-part:(L,W,R)=(28.45274pt, 540.60239pt, 28.45274pt)
* v-part:(T,H,B)=(85.35826pt, 731.23584pt, 28.45274pt)
* \paperwidth=597.50787pt
* \paperheight=845.04684pt
* \textwidth=540.60239pt
* \textheight=731.23584pt
* \oddsidemargin=-43.81725pt
* \evensidemargin=-43.81725pt
* \topmargin=-23.91173pt
* \headheight=12.0pt
* \headsep=25.0pt
* \topskip=10.0pt
* \footskip=30.0pt
* \marginparwidth=4.0pt
* \marginparsep=10.0pt
* \columnsep=28.45274pt
* \skip\footins=9.0pt plus 4.0pt minus 2.0pt
* \hoffset=0.0pt
* \voffset=0.0pt
* \mag=1000
* \@twocolumntrue
* \@twosidefalse
* \@mparswitchfalse
* \@reversemarginfalse
* (1in=72.27pt=25.4mm, 1cm=28.453pt)

LaTeX Info: Redefining \rmfamily on input line 32.
LaTeX Info: Redefining \sffamily on input line 32.
LaTeX Info: Redefining \ttfamily on input line 32.
Removing  `ltj.adjust_icflag' from `pre_linebreak_filter'.
Removing  `ltj.set_stack_level' from `pre_linebreak_filter'.
Removing  `luaotfload.node_processor' from `pre_linebreak_filter'.
Removing  `ltj.main' from `pre_linebreak_filter'.
Removing  `ltj.ruby.pre' from `pre_linebreak_filter'.
Inserting `polyglossia-punct.process' in `pre_linebreak_filter'.
Inserting `ltj.adjust_icflag' in `pre_linebreak_filter'.
Inserting `ltj.set_stack_level' in `pre_linebreak_filter'.
Inserting `luaotfload.node_processor' in `pre_linebreak_filter'.
Inserting `ltj.main' in `pre_linebreak_filter'.
Inserting `ltj.ruby.pre' in `pre_linebreak_filter'.
Removing  `ltj.adjust_icflag' from `hpack_filter'.
Removing  `ltj.set_stack_level' from `hpack_filter'.
Removing  `luaotfload.node_processor' from `hpack_filter'.
Removing  `ltj.main' from `hpack_filter'.
Removing  `luaotfload.harf.finalize_hlist' from `hpack_filter'.
Removing  `ltj.create_dir_whatsit' from `hpack_filter'.
Removing  `ltj.ruby.pre' from `hpack_filter'.
Removing  `ltj.ruby.post_hbox' from `hpack_filter'.
Inserting `polyglossia-punct.process' in `hpack_filter'.
Inserting `ltj.adjust_icflag' in `hpack_filter'.
Inserting `ltj.set_stack_level' in `hpack_filter'.
Inserting `luaotfload.node_processor' in `hpack_filter'.
Inserting `ltj.main' in `hpack_filter'.
Inserting `luaotfload.harf.finalize_hlist' in `hpack_filter'.
Inserting `ltj.create_dir_whatsit' in `hpack_filter'.
Inserting `ltj.ruby.pre' in `hpack_filter'.
Inserting `ltj.ruby.post_hbox' in `hpack_filter'. (./_Template/Titlepage.tex
<_Images/poly-vert-colorless.pdf, id=473, 345.29pt x 599.23875pt>
File: _Images/poly-vert-colorless.pdf Graphic file (type pdf)
<use _Images/poly-vert-colorless.pdf>
Package luatex.def Info: _Images/poly-vert-colorless.pdf  used on input line 5.
(luatex.def)             Requested size: 72.26999pt x 125.4141pt.
LaTeX Font Info:    Font shape `JT3/mc/b/n' in size <10> not available
(Font)              Font shape `JT3/gt/m/n' tried instead on input line 6.
LaTeX Font Info:    Font shape `JT3/gt/m/n' will be
(Font)              scaled to size 9.6222pt on input line 6.
LaTeX Font Info:    Font shape `JY3/mc/b/n' in size <10> not available
(Font)              Font shape `JY3/gt/m/n' tried instead on input line 6.
LaTeX Font Info:    Font shape `JY3/gt/m/n' will be
(Font)              scaled to size 9.6222pt on input line 6.
(load cache: extra_haranoajigothic-medium.luc)
<_Images/poly-armes-colorless.pdf, id=474, 598.235pt x 788.9475pt>
File: _Images/poly-armes-colorless.pdf Graphic file (type pdf)
<use _Images/poly-armes-colorless.pdf>
Package luatex.def Info: _Images/poly-armes-colorless.pdf  used on input line 7.
(luatex.def)             Requested size: 578.15999pt x 762.52136pt.
LaTeX Font Info:    Kanji font shape `JY3/mc/m/it' undefined
(Font)              No change on input line 10.
<_Images/poly-filet-colorless.pdf, id=475, 124.21407pt x 2.1681pt>
File: _Images/poly-filet-colorless.pdf Graphic file (type pdf)
<use _Images/poly-filet-colorless.pdf>
Package luatex.def Info: _Images/poly-filet-colorless.pdf  used on input line 12.
(luatex.def)             Requested size: 289.07999pt x 5.04675pt.

Package fontspec Info: Font family 'LibertinusSerif(1)' created for font
(fontspec)             'Libertinus Serif' with options
(fontspec)             [Renderer=Harfbuzz,Ligatures=TeX,Ligatures={TeX,
(fontspec)             Common, Historic, Rare},RawFeature =
(fontspec)             {+dlig,+hlig,+calt},Numbers=OldStyle].
(fontspec)              
(fontspec)              This font family consists of the following NFSS
(fontspec)             series/shapes:
(fontspec)              
(fontspec)             - 'normal' (m/n) with NFSS spec.:
(fontspec)             <->"LibertinusSerif:mode=harf;script=latn;language=dflt;+tlig;+liga;+hlig;+dlig;+dlig,+hlig,+calt;+onum;"
(fontspec)             - 'small caps'  (m/sc) with NFSS spec.:
(fontspec)             <->"LibertinusSerif:mode=harf;script=latn;language=dflt;+tlig;+liga;+hlig;+dlig;+dlig,+hlig,+calt;+onum;+smcp;"
(fontspec)             - 'bold' (b/n) with NFSS spec.:
(fontspec)             <->"LibertinusSerif/B:mode=harf;script=latn;language=dflt;+tlig;+liga;+hlig;+dlig;+dlig,+hlig,+calt;+onum;"
(fontspec)             - 'bold small caps'  (b/sc) with NFSS spec.:
(fontspec)             <->"LibertinusSerif/B:mode=harf;script=latn;language=dflt;+tlig;+liga;+hlig;+dlig;+dlig,+hlig,+calt;+onum;+smcp;"
(fontspec)             - 'italic' (m/it) with NFSS spec.:
(fontspec)             <->"LibertinusSerif/I:mode=harf;script=latn;language=dflt;+tlig;+liga;+hlig;+dlig;+dlig,+hlig,+calt;+onum;"
(fontspec)             - 'italic small caps'  (m/scit) with NFSS spec.:
(fontspec)             <->"LibertinusSerif/I:mode=harf;script=latn;language=dflt;+tlig;+liga;+hlig;+dlig;+dlig,+hlig,+calt;+onum;+smcp;"
(fontspec)             - 'bold italic' (b/it) with NFSS spec.:
(fontspec)             <->"LibertinusSerif/BI:mode=harf;script=latn;language=dflt;+tlig;+liga;+hlig;+dlig;+dlig,+hlig,+calt;+onum;"
(fontspec)             - 'bold italic small caps'  (b/scit) with NFSS spec.:
(fontspec)             <->"LibertinusSerif/BI:mode=harf;script=latn;language=dflt;+tlig;+liga;+hlig;+dlig;+dlig,+hlig,+calt;+onum;+smcp;"

 [1


{c:/texlive/2023/texmf-var/fonts/map/pdftex/updmap/pdftex.map}<./_Images/poly-vert-colorless.pdf><./_Images/poly-armes-colorless.pdf><./_Images/poly-filet-colorless.pdf>])
LaTeX Font Info:    Font shape `JT3/mc/m/n' will be
(Font)              scaled to size 13.85594pt on input line 36.
LaTeX Font Info:    Font shape `JY3/mc/m/n' will be
(Font)              scaled to size 13.85594pt on input line 36.
LaTeX Font Info:    Font shape `JT3/mc/b/n' in size <14.4> not available
(Font)              Font shape `JT3/gt/m/n' tried instead on input line 36.
LaTeX Font Info:    Font shape `JT3/gt/m/n' will be
(Font)              scaled to size 13.85594pt on input line 36.
LaTeX Font Info:    Font shape `JY3/mc/b/n' in size <14.4> not available
(Font)              Font shape `JY3/gt/m/n' tried instead on input line 36.
LaTeX Font Info:    Font shape `JY3/gt/m/n' will be
(Font)              scaled to size 13.85594pt on input line 36.
 (./LJA.toc
LaTeX Info: Redefining \rmfamily on input line 2.
LaTeX Info: Redefining \sffamily on input line 2.
LaTeX Info: Redefining \ttfamily on input line 2.
Package microtype Info: Loading generic protrusion settings for font family
(microtype)             `Erewhon-Math' (encoding: TU).
(microtype)             For optimal results, create family-specific settings.
(microtype)             See the microtype manual for details.
Package microtype Info: Character `textquoteleft ' is missing
(microtype)             in font `TU/Erewhon-Math(1)/m/n/10'.
(microtype)             Ignoring protrusion settings for this character.
Package microtype Info: Character `textquoteright ' is missing
(microtype)             in font `TU/Erewhon-Math(1)/m/n/10'.
(microtype)             Ignoring protrusion settings for this character.
Package microtype Info: Character `textquotedblleft ' is missing
(microtype)             in font `TU/Erewhon-Math(1)/m/n/10'.
(microtype)             Ignoring protrusion settings for this character.
Package microtype Info: Character `textquotedblright ' is missing
(microtype)             in font `TU/Erewhon-Math(1)/m/n/10'.
(microtype)             Ignoring protrusion settings for this character.
Package microtype Info: Character `AE ' is missing
(microtype)             in font `TU/Erewhon-Math(1)/m/n/10'.
(microtype)             Ignoring protrusion settings for this character.
Package microtype Info: Character `quotesinglbase ' is missing
(microtype)             in font `TU/Erewhon-Math(1)/m/n/10'.
(microtype)             Ignoring protrusion settings for this character.
Package microtype Info: Character `quotedblbase ' is missing
(microtype)             in font `TU/Erewhon-Math(1)/m/n/10'.
(microtype)             Ignoring protrusion settings for this character.
Package microtype Info: Character `guilsinglleft ' is missing
(microtype)             in font `TU/Erewhon-Math(1)/m/n/10'.
(microtype)             Ignoring protrusion settings for this character.
Package microtype Info: Character `guilsinglright ' is missing
(microtype)             in font `TU/Erewhon-Math(1)/m/n/10'.
(microtype)             Ignoring protrusion settings for this character.
Package microtype Info: Character `guillemotleft ' is missing
(microtype)             in font `TU/Erewhon-Math(1)/m/n/10'.
(microtype)             Ignoring protrusion settings for this character.
Package microtype Info: Character `guillemotright ' is missing
(microtype)             in font `TU/Erewhon-Math(1)/m/n/10'.
(microtype)             Ignoring protrusion settings for this character.
Package microtype Info: Character `textexclamdown ' is missing
(microtype)             in font `TU/Erewhon-Math(1)/m/n/10'.
(microtype)             Ignoring protrusion settings for this character.
Package microtype Info: Character `textquestiondown ' is missing
(microtype)             in font `TU/Erewhon-Math(1)/m/n/10'.
(microtype)             Ignoring protrusion settings for this character.
Package microtype Info: Character `textquoteleft ' is missing
(microtype)             in font `TU/Erewhon-Math(1)/m/n/7'.
(microtype)             Ignoring protrusion settings for this character.
Package microtype Info: Character `textquoteright ' is missing
(microtype)             in font `TU/Erewhon-Math(1)/m/n/7'.
(microtype)             Ignoring protrusion settings for this character.
Package microtype Info: Character `textquotedblleft ' is missing
(microtype)             in font `TU/Erewhon-Math(1)/m/n/7'.
(microtype)             Ignoring protrusion settings for this character.
Package microtype Info: Character `textquotedblright ' is missing
(microtype)             in font `TU/Erewhon-Math(1)/m/n/7'.
(microtype)             Ignoring protrusion settings for this character.
Package microtype Info: Character `AE ' is missing
(microtype)             in font `TU/Erewhon-Math(1)/m/n/7'.
(microtype)             Ignoring protrusion settings for this character.
Package microtype Info: Character `quotesinglbase ' is missing
(microtype)             in font `TU/Erewhon-Math(1)/m/n/7'.
(microtype)             Ignoring protrusion settings for this character.
Package microtype Info: Character `quotedblbase ' is missing
(microtype)             in font `TU/Erewhon-Math(1)/m/n/7'.
(microtype)             Ignoring protrusion settings for this character.
Package microtype Info: Character `guilsinglleft ' is missing
(microtype)             in font `TU/Erewhon-Math(1)/m/n/7'.
(microtype)             Ignoring protrusion settings for this character.
Package microtype Info: Character `guilsinglright ' is missing
(microtype)             in font `TU/Erewhon-Math(1)/m/n/7'.
(microtype)             Ignoring protrusion settings for this character.
Package microtype Info: Character `guillemotleft ' is missing
(microtype)             in font `TU/Erewhon-Math(1)/m/n/7'.
(microtype)             Ignoring protrusion settings for this character.
Package microtype Info: Character `guillemotright ' is missing
(microtype)             in font `TU/Erewhon-Math(1)/m/n/7'.
(microtype)             Ignoring protrusion settings for this character.
Package microtype Info: Character `textexclamdown ' is missing
(microtype)             in font `TU/Erewhon-Math(1)/m/n/7'.
(microtype)             Ignoring protrusion settings for this character.
Package microtype Info: Character `textquestiondown ' is missing
(microtype)             in font `TU/Erewhon-Math(1)/m/n/7'.
(microtype)             Ignoring protrusion settings for this character.
Package microtype Info: Character `textquoteleft ' is missing
(microtype)             in font `TU/Erewhon-Math(1)/m/n/5.5'.
(microtype)             Ignoring protrusion settings for this character.
Package microtype Info: Character `textquoteright ' is missing
(microtype)             in font `TU/Erewhon-Math(1)/m/n/5.5'.
(microtype)             Ignoring protrusion settings for this character.
Package microtype Info: Character `textquotedblleft ' is missing
(microtype)             in font `TU/Erewhon-Math(1)/m/n/5.5'.
(microtype)             Ignoring protrusion settings for this character.
Package microtype Info: Character `textquotedblright ' is missing
(microtype)             in font `TU/Erewhon-Math(1)/m/n/5.5'.
(microtype)             Ignoring protrusion settings for this character.
Package microtype Info: Character `AE ' is missing
(microtype)             in font `TU/Erewhon-Math(1)/m/n/5.5'.
(microtype)             Ignoring protrusion settings for this character.
Package microtype Info: Character `quotesinglbase ' is missing
(microtype)             in font `TU/Erewhon-Math(1)/m/n/5.5'.
(microtype)             Ignoring protrusion settings for this character.
Package microtype Info: Character `quotedblbase ' is missing
(microtype)             in font `TU/Erewhon-Math(1)/m/n/5.5'.
(microtype)             Ignoring protrusion settings for this character.
Package microtype Info: Character `guilsinglleft ' is missing
(microtype)             in font `TU/Erewhon-Math(1)/m/n/5.5'.
(microtype)             Ignoring protrusion settings for this character.
Package microtype Info: Character `guilsinglright ' is missing
(microtype)             in font `TU/Erewhon-Math(1)/m/n/5.5'.
(microtype)             Ignoring protrusion settings for this character.
Package microtype Info: Character `guillemotleft ' is missing
(microtype)             in font `TU/Erewhon-Math(1)/m/n/5.5'.
(microtype)             Ignoring protrusion settings for this character.
Package microtype Info: Character `guillemotright ' is missing
(microtype)             in font `TU/Erewhon-Math(1)/m/n/5.5'.
(microtype)             Ignoring protrusion settings for this character.
Package microtype Info: Character `textexclamdown ' is missing
(microtype)             in font `TU/Erewhon-Math(1)/m/n/5.5'.
(microtype)             Ignoring protrusion settings for this character.
Package microtype Info: Character `textquestiondown ' is missing
(microtype)             in font `TU/Erewhon-Math(1)/m/n/5.5'.
(microtype)             Ignoring protrusion settings for this character.
Package microtype Info: Character `textquoteleft ' is missing
(microtype)             in font `TU/Erewhon-Math(2)/m/n/10'.
(microtype)             Ignoring protrusion settings for this character.
Package microtype Info: Character `textquoteright ' is missing
(microtype)             in font `TU/Erewhon-Math(2)/m/n/10'.
(microtype)             Ignoring protrusion settings for this character.
Package microtype Info: Character `textquotedblleft ' is missing
(microtype)             in font `TU/Erewhon-Math(2)/m/n/10'.
(microtype)             Ignoring protrusion settings for this character.
Package microtype Info: Character `textquotedblright ' is missing
(microtype)             in font `TU/Erewhon-Math(2)/m/n/10'.
(microtype)             Ignoring protrusion settings for this character.
Package microtype Info: Character `AE ' is missing
(microtype)             in font `TU/Erewhon-Math(2)/m/n/10'.
(microtype)             Ignoring protrusion settings for this character.
Package microtype Info: Character `quotesinglbase ' is missing
(microtype)             in font `TU/Erewhon-Math(2)/m/n/10'.
(microtype)             Ignoring protrusion settings for this character.
Package microtype Info: Character `quotedblbase ' is missing
(microtype)             in font `TU/Erewhon-Math(2)/m/n/10'.
(microtype)             Ignoring protrusion settings for this character.
Package microtype Info: Character `guilsinglleft ' is missing
(microtype)             in font `TU/Erewhon-Math(2)/m/n/10'.
(microtype)             Ignoring protrusion settings for this character.
Package microtype Info: Character `guilsinglright ' is missing
(microtype)             in font `TU/Erewhon-Math(2)/m/n/10'.
(microtype)             Ignoring protrusion settings for this character.
Package microtype Info: Character `guillemotleft ' is missing
(microtype)             in font `TU/Erewhon-Math(2)/m/n/10'.
(microtype)             Ignoring protrusion settings for this character.
Package microtype Info: Character `guillemotright ' is missing
(microtype)             in font `TU/Erewhon-Math(2)/m/n/10'.
(microtype)             Ignoring protrusion settings for this character.
Package microtype Info: Character `textexclamdown ' is missing
(microtype)             in font `TU/Erewhon-Math(2)/m/n/10'.
(microtype)             Ignoring protrusion settings for this character.
Package microtype Info: Character `textquestiondown ' is missing
(microtype)             in font `TU/Erewhon-Math(2)/m/n/10'.
(microtype)             Ignoring protrusion settings for this character.
Package microtype Info: Character `textquoteleft ' is missing
(microtype)             in font `TU/Erewhon-Math(2)/m/n/7'.
(microtype)             Ignoring protrusion settings for this character.
Package microtype Info: Character `textquoteright ' is missing
(microtype)             in font `TU/Erewhon-Math(2)/m/n/7'.
(microtype)             Ignoring protrusion settings for this character.
Package microtype Info: Character `textquotedblleft ' is missing
(microtype)             in font `TU/Erewhon-Math(2)/m/n/7'.
(microtype)             Ignoring protrusion settings for this character.
Package microtype Info: Character `textquotedblright ' is missing
(microtype)             in font `TU/Erewhon-Math(2)/m/n/7'.
(microtype)             Ignoring protrusion settings for this character.
Package microtype Info: Character `AE ' is missing
(microtype)             in font `TU/Erewhon-Math(2)/m/n/7'.
(microtype)             Ignoring protrusion settings for this character.
Package microtype Info: Character `quotesinglbase ' is missing
(microtype)             in font `TU/Erewhon-Math(2)/m/n/7'.
(microtype)             Ignoring protrusion settings for this character.
Package microtype Info: Character `quotedblbase ' is missing
(microtype)             in font `TU/Erewhon-Math(2)/m/n/7'.
(microtype)             Ignoring protrusion settings for this character.
Package microtype Info: Character `guilsinglleft ' is missing
(microtype)             in font `TU/Erewhon-Math(2)/m/n/7'.
(microtype)             Ignoring protrusion settings for this character.
Package microtype Info: Character `guilsinglright ' is missing
(microtype)             in font `TU/Erewhon-Math(2)/m/n/7'.
(microtype)             Ignoring protrusion settings for this character.
Package microtype Info: Character `guillemotleft ' is missing
(microtype)             in font `TU/Erewhon-Math(2)/m/n/7'.
(microtype)             Ignoring protrusion settings for this character.
Package microtype Info: Character `guillemotright ' is missing
(microtype)             in font `TU/Erewhon-Math(2)/m/n/7'.
(microtype)             Ignoring protrusion settings for this character.
Package microtype Info: Character `textexclamdown ' is missing
(microtype)             in font `TU/Erewhon-Math(2)/m/n/7'.
(microtype)             Ignoring protrusion settings for this character.
Package microtype Info: Character `textquestiondown ' is missing
(microtype)             in font `TU/Erewhon-Math(2)/m/n/7'.
(microtype)             Ignoring protrusion settings for this character.
Package microtype Info: Character `textquoteleft ' is missing
(microtype)             in font `TU/Erewhon-Math(2)/m/n/5.5'.
(microtype)             Ignoring protrusion settings for this character.
Package microtype Info: Character `textquoteright ' is missing
(microtype)             in font `TU/Erewhon-Math(2)/m/n/5.5'.
(microtype)             Ignoring protrusion settings for this character.
Package microtype Info: Character `textquotedblleft ' is missing
(microtype)             in font `TU/Erewhon-Math(2)/m/n/5.5'.
(microtype)             Ignoring protrusion settings for this character.
Package microtype Info: Character `textquotedblright ' is missing
(microtype)             in font `TU/Erewhon-Math(2)/m/n/5.5'.
(microtype)             Ignoring protrusion settings for this character.
Package microtype Info: Character `AE ' is missing
(microtype)             in font `TU/Erewhon-Math(2)/m/n/5.5'.
(microtype)             Ignoring protrusion settings for this character.
Package microtype Info: Character `quotesinglbase ' is missing
(microtype)             in font `TU/Erewhon-Math(2)/m/n/5.5'.
(microtype)             Ignoring protrusion settings for this character.
Package microtype Info: Character `quotedblbase ' is missing
(microtype)             in font `TU/Erewhon-Math(2)/m/n/5.5'.
(microtype)             Ignoring protrusion settings for this character.
Package microtype Info: Character `guilsinglleft ' is missing
(microtype)             in font `TU/Erewhon-Math(2)/m/n/5.5'.
(microtype)             Ignoring protrusion settings for this character.
Package microtype Info: Character `guilsinglright ' is missing
(microtype)             in font `TU/Erewhon-Math(2)/m/n/5.5'.
(microtype)             Ignoring protrusion settings for this character.
Package microtype Info: Character `guillemotleft ' is missing
(microtype)             in font `TU/Erewhon-Math(2)/m/n/5.5'.
(microtype)             Ignoring protrusion settings for this character.
Package microtype Info: Character `guillemotright ' is missing
(microtype)             in font `TU/Erewhon-Math(2)/m/n/5.5'.
(microtype)             Ignoring protrusion settings for this character.
Package microtype Info: Character `textexclamdown ' is missing
(microtype)             in font `TU/Erewhon-Math(2)/m/n/5.5'.
(microtype)             Ignoring protrusion settings for this character.
Package microtype Info: Character `textquestiondown ' is missing
(microtype)             in font `TU/Erewhon-Math(2)/m/n/5.5'.
(microtype)             Ignoring protrusion settings for this character.
Package microtype Info: Character `textquoteleft ' is missing
(microtype)             in font `TU/Erewhon-Math(3)/m/n/10'.
(microtype)             Ignoring protrusion settings for this character.
Package microtype Info: Character `textquoteright ' is missing
(microtype)             in font `TU/Erewhon-Math(3)/m/n/10'.
(microtype)             Ignoring protrusion settings for this character.
Package microtype Info: Character `textquotedblleft ' is missing
(microtype)             in font `TU/Erewhon-Math(3)/m/n/10'.
(microtype)             Ignoring protrusion settings for this character.
Package microtype Info: Character `textquotedblright ' is missing
(microtype)             in font `TU/Erewhon-Math(3)/m/n/10'.
(microtype)             Ignoring protrusion settings for this character.
Package microtype Info: Character `AE ' is missing
(microtype)             in font `TU/Erewhon-Math(3)/m/n/10'.
(microtype)             Ignoring protrusion settings for this character.
Package microtype Info: Character `quotesinglbase ' is missing
(microtype)             in font `TU/Erewhon-Math(3)/m/n/10'.
(microtype)             Ignoring protrusion settings for this character.
Package microtype Info: Character `quotedblbase ' is missing
(microtype)             in font `TU/Erewhon-Math(3)/m/n/10'.
(microtype)             Ignoring protrusion settings for this character.
Package microtype Info: Character `guilsinglleft ' is missing
(microtype)             in font `TU/Erewhon-Math(3)/m/n/10'.
(microtype)             Ignoring protrusion settings for this character.
Package microtype Info: Character `guilsinglright ' is missing
(microtype)             in font `TU/Erewhon-Math(3)/m/n/10'.
(microtype)             Ignoring protrusion settings for this character.
Package microtype Info: Character `guillemotleft ' is missing
(microtype)             in font `TU/Erewhon-Math(3)/m/n/10'.
(microtype)             Ignoring protrusion settings for this character.
Package microtype Info: Character `guillemotright ' is missing
(microtype)             in font `TU/Erewhon-Math(3)/m/n/10'.
(microtype)             Ignoring protrusion settings for this character.
Package microtype Info: Character `textexclamdown ' is missing
(microtype)             in font `TU/Erewhon-Math(3)/m/n/10'.
(microtype)             Ignoring protrusion settings for this character.
Package microtype Info: Character `textquestiondown ' is missing
(microtype)             in font `TU/Erewhon-Math(3)/m/n/10'.
(microtype)             Ignoring protrusion settings for this character.
Package microtype Info: Character `textquoteleft ' is missing
(microtype)             in font `TU/Erewhon-Math(3)/m/n/7'.
(microtype)             Ignoring protrusion settings for this character.
Package microtype Info: Character `textquoteright ' is missing
(microtype)             in font `TU/Erewhon-Math(3)/m/n/7'.
(microtype)             Ignoring protrusion settings for this character.
Package microtype Info: Character `textquotedblleft ' is missing
(microtype)             in font `TU/Erewhon-Math(3)/m/n/7'.
(microtype)             Ignoring protrusion settings for this character.
Package microtype Info: Character `textquotedblright ' is missing
(microtype)             in font `TU/Erewhon-Math(3)/m/n/7'.
(microtype)             Ignoring protrusion settings for this character.
Package microtype Info: Character `AE ' is missing
(microtype)             in font `TU/Erewhon-Math(3)/m/n/7'.
(microtype)             Ignoring protrusion settings for this character.
Package microtype Info: Character `quotesinglbase ' is missing
(microtype)             in font `TU/Erewhon-Math(3)/m/n/7'.
(microtype)             Ignoring protrusion settings for this character.
Package microtype Info: Character `quotedblbase ' is missing
(microtype)             in font `TU/Erewhon-Math(3)/m/n/7'.
(microtype)             Ignoring protrusion settings for this character.
Package microtype Info: Character `guilsinglleft ' is missing
(microtype)             in font `TU/Erewhon-Math(3)/m/n/7'.
(microtype)             Ignoring protrusion settings for this character.
Package microtype Info: Character `guilsinglright ' is missing
(microtype)             in font `TU/Erewhon-Math(3)/m/n/7'.
(microtype)             Ignoring protrusion settings for this character.
Package microtype Info: Character `guillemotleft ' is missing
(microtype)             in font `TU/Erewhon-Math(3)/m/n/7'.
(microtype)             Ignoring protrusion settings for this character.
Package microtype Info: Character `guillemotright ' is missing
(microtype)             in font `TU/Erewhon-Math(3)/m/n/7'.
(microtype)             Ignoring protrusion settings for this character.
Package microtype Info: Character `textexclamdown ' is missing
(microtype)             in font `TU/Erewhon-Math(3)/m/n/7'.
(microtype)             Ignoring protrusion settings for this character.
Package microtype Info: Character `textquestiondown ' is missing
(microtype)             in font `TU/Erewhon-Math(3)/m/n/7'.
(microtype)             Ignoring protrusion settings for this character.
Package microtype Info: Character `textquoteleft ' is missing
(microtype)             in font `TU/Erewhon-Math(3)/m/n/5.5'.
(microtype)             Ignoring protrusion settings for this character.
Package microtype Info: Character `textquoteright ' is missing
(microtype)             in font `TU/Erewhon-Math(3)/m/n/5.5'.
(microtype)             Ignoring protrusion settings for this character.
Package microtype Info: Character `textquotedblleft ' is missing
(microtype)             in font `TU/Erewhon-Math(3)/m/n/5.5'.
(microtype)             Ignoring protrusion settings for this character.
Package microtype Info: Character `textquotedblright ' is missing
(microtype)             in font `TU/Erewhon-Math(3)/m/n/5.5'.
(microtype)             Ignoring protrusion settings for this character.
Package microtype Info: Character `AE ' is missing
(microtype)             in font `TU/Erewhon-Math(3)/m/n/5.5'.
(microtype)             Ignoring protrusion settings for this character.
Package microtype Info: Character `quotesinglbase ' is missing
(microtype)             in font `TU/Erewhon-Math(3)/m/n/5.5'.
(microtype)             Ignoring protrusion settings for this character.
Package microtype Info: Character `quotedblbase ' is missing
(microtype)             in font `TU/Erewhon-Math(3)/m/n/5.5'.
(microtype)             Ignoring protrusion settings for this character.
Package microtype Info: Character `guilsinglleft ' is missing
(microtype)             in font `TU/Erewhon-Math(3)/m/n/5.5'.
(microtype)             Ignoring protrusion settings for this character.
Package microtype Info: Character `guilsinglright ' is missing
(microtype)             in font `TU/Erewhon-Math(3)/m/n/5.5'.
(microtype)             Ignoring protrusion settings for this character.
Package microtype Info: Character `guillemotleft ' is missing
(microtype)             in font `TU/Erewhon-Math(3)/m/n/5.5'.
(microtype)             Ignoring protrusion settings for this character.
Package microtype Info: Character `guillemotright ' is missing
(microtype)             in font `TU/Erewhon-Math(3)/m/n/5.5'.
(microtype)             Ignoring protrusion settings for this character.
Package microtype Info: Character `textexclamdown ' is missing
(microtype)             in font `TU/Erewhon-Math(3)/m/n/5.5'.
(microtype)             Ignoring protrusion settings for this character.
Package microtype Info: Character `textquestiondown ' is missing
(microtype)             in font `TU/Erewhon-Math(3)/m/n/5.5'.
(microtype)             Ignoring protrusion settings for this character.
LaTeX Font Info:    Font shape `JY3/mc/m/n' will be
(Font)              scaled to size 6.73553pt on input line 4.
LaTeX Font Info:    Font shape `JY3/mc/m/n' will be
(Font)              scaled to size 5.2922pt on input line 4.

warning  (pdf backend): ignoring duplicate destination with the name 'page.1'
LaTeX Font Info:    Font shape `JT3/mc/m/n' will be
(Font)              scaled to size 8.65997pt on input line 103.
LaTeX Font Info:    Font shape `JY3/mc/m/n' will be
(Font)              scaled to size 8.65997pt on input line 103.
LaTeX Font Info:    Font shape `U/ccicons/m/n' will be
(Font)              scaled to size 9.0pt on input line 103.
[1

])
\tf@toc=\write7

\openout7 = LJA.toc
 (./LJA/Vocabulaire.tex
LaTeX Font Info:    Font shape `JT3/mc/m/n' will be
(Font)              scaled to size 11.54663pt on input line 3.
LaTeX Font Info:    Font shape `JY3/mc/m/n' will be
(Font)              scaled to size 11.54663pt on input line 3.
LaTeX Font Info:    Font shape `JT3/mc/b/n' in size <12> not available
(Font)              Font shape `JT3/gt/m/n' tried instead on input line 3.
LaTeX Font Info:    Font shape `JT3/gt/m/n' will be
(Font)              scaled to size 11.54663pt on input line 3.
LaTeX Font Info:    Font shape `JY3/mc/b/n' in size <12> not available
(Font)              Font shape `JY3/gt/m/n' tried instead on input line 3.
LaTeX Font Info:    Font shape `JY3/gt/m/n' will be
(Font)              scaled to size 11.54663pt on input line 3.
> Step: init table outer spec.
> Step: parse table options.
> Step: split table.
> Step: init table inner spec.
> Step: parse table inner spec.
> Step: execute table commands.
> Step: calculate cell and line sizes.
> Step: build the whole table.
LaTeX Font Info:    Kanji font shape `JY3/mc/m/sc' undefined
(Font)              No change on input line 33.
LaTeX Font Info:    Kanji font shape `JY3/mc/m/sc' undefined
(Font)              No change on input line 33.
LaTeX Font Info:    Kanji font shape `JY3/mc/m/sc' undefined
(Font)              No change on input line 33.
> Step: init table outer spec.
> Step: parse table options.
> Step: split table.
> Step: init table inner spec.
> Step: parse table inner spec.
> Step: execute table commands.
> Step: calculate cell and line sizes.
> Step: build the whole table.
> Step: init table outer spec.
> Step: parse table options.
> Step: split table.
> Step: init table inner spec.
> Step: parse table inner spec.
> Step: execute table commands.
> Step: calculate cell and line sizes.
LaTeX Font Info:    Font shape `JT3/mc/m/n' will be
(Font)              scaled to size 4.8111pt on input line 95.
LaTeX Font Info:    Font shape `JY3/mc/m/n' will be
(Font)              scaled to size 4.8111pt on input line 95.
> Step: build the whole table.
LaTeX Font Info:    Kanji font shape `JY3/mc/m/sc' undefined
(Font)              No change on input line 95.
LaTeX Font Info:    Kanji font shape `JY3/mc/m/sc' undefined
(Font)              No change on input line 95.
LaTeX Font Info:    Kanji font shape `JY3/mc/m/sc' undefined
(Font)              No change on input line 95.
> Step: init table outer spec.
> Step: parse table options.
> Step: split table.
> Step: init table inner spec.
> Step: parse table inner spec.
> Step: execute table commands.
> Step: calculate cell and line sizes.
> Step: build the whole table.
LaTeX Font Info:    Kanji font shape `JY3/mc/m/sc' undefined
(Font)              No change on input line 147.
LaTeX Font Info:    Kanji font shape `JY3/mc/m/sc' undefined
(Font)              No change on input line 147.
LaTeX Font Info:    Kanji font shape `JY3/mc/m/sc' undefined
(Font)              No change on input line 147.
 [2]
> Step: init table outer spec.
> Step: parse table options.
> Step: split table.
> Step: init table inner spec.
> Step: parse table inner spec.
> Step: execute table commands.
> Step: calculate cell and line sizes.
> Step: build the whole table.
LaTeX Font Info:    Kanji font shape `JY3/mc/m/sc' undefined
(Font)              No change on input line 174.
LaTeX Font Info:    Kanji font shape `JY3/mc/m/sc' undefined
(Font)              No change on input line 174.
LaTeX Font Info:    Kanji font shape `JY3/mc/m/sc' undefined
(Font)              No change on input line 174.
> Step: init table outer spec.
> Step: parse table options.
> Step: split table.
> Step: init table inner spec.
> Step: parse table inner spec.
> Step: execute table commands.
> Step: calculate cell and line sizes.
> Step: build the whole table.
LaTeX Font Info:    Kanji font shape `JY3/mc/m/sc' undefined
(Font)              No change on input line 214.
LaTeX Font Info:    Kanji font shape `JY3/mc/m/sc' undefined
(Font)              No change on input line 214.
LaTeX Font Info:    Kanji font shape `JY3/mc/m/sc' undefined
(Font)              No change on input line 214.
 [3]
> Step: init table outer spec.
> Step: parse table options.
> Step: split table.
> Step: init table inner spec.
> Step: parse table inner spec.
> Step: execute table commands.
> Step: calculate cell and line sizes.
> Step: build the whole table.
LaTeX Font Info:    Kanji font shape `JY3/mc/m/sc' undefined
(Font)              No change on input line 245.
LaTeX Font Info:    Kanji font shape `JY3/mc/m/sc' undefined
(Font)              No change on input line 245.
LaTeX Font Info:    Kanji font shape `JY3/mc/m/sc' undefined
(Font)              No change on input line 245.
> Step: init table outer spec.
> Step: parse table options.
> Step: split table.
> Step: init table inner spec.
> Step: parse table inner spec.
> Step: execute table commands.
> Step: calculate cell and line sizes.
> Step: build the whole table.
LaTeX Font Info:    Kanji font shape `JY3/mc/m/sc' undefined
(Font)              No change on input line 296.
LaTeX Font Info:    Kanji font shape `JY3/mc/m/sc' undefined
(Font)              No change on input line 296.
LaTeX Font Info:    Kanji font shape `JY3/mc/m/sc' undefined
(Font)              No change on input line 296.
 [4]
> Step: init table outer spec.
> Step: parse table options.
> Step: split table.
> Step: init table inner spec.
> Step: parse table inner spec.
> Step: execute table commands.
> Step: calculate cell and line sizes.
> Step: build the whole table.
LaTeX Font Info:    Kanji font shape `JY3/mc/m/sc' undefined
(Font)              No change on input line 328.
LaTeX Font Info:    Kanji font shape `JY3/mc/m/sc' undefined
(Font)              No change on input line 328.
LaTeX Font Info:    Kanji font shape `JY3/mc/m/sc' undefined
(Font)              No change on input line 328.
> Step: init table outer spec.
> Step: parse table options.
> Step: split table.
> Step: init table inner spec.
> Step: parse table inner spec.
> Step: execute table commands.
> Step: calculate cell and line sizes.
> Step: build the whole table.
LaTeX Font Info:    Kanji font shape `JY3/mc/m/sc' undefined
(Font)              No change on input line 369.
LaTeX Font Info:    Kanji font shape `JY3/mc/m/sc' undefined
(Font)              No change on input line 369.
LaTeX Font Info:    Kanji font shape `JY3/mc/m/sc' undefined
(Font)              No change on input line 369.
 [5]
> Step: init table outer spec.
> Step: parse table options.
> Step: split table.
> Step: init table inner spec.
> Step: parse table inner spec.
> Step: execute table commands.
> Step: calculate cell and line sizes.
> Step: build the whole table.
LaTeX Font Info:    Kanji font shape `JY3/mc/m/sc' undefined
(Font)              No change on input line 409.
LaTeX Font Info:    Kanji font shape `JY3/mc/m/sc' undefined
(Font)              No change on input line 409.
LaTeX Font Info:    Kanji font shape `JY3/mc/m/sc' undefined
(Font)              No change on input line 409.
> Step: init table outer spec.
> Step: parse table options.
> Step: split table.
> Step: init table inner spec.
> Step: parse table inner spec.
> Step: execute table commands.
> Step: calculate cell and line sizes.
> Step: build the whole table.
LaTeX Font Info:    Kanji font shape `JY3/mc/m/sc' undefined
(Font)              No change on input line 449.
LaTeX Font Info:    Kanji font shape `JY3/mc/m/sc' undefined
(Font)              No change on input line 449.
LaTeX Font Info:    Kanji font shape `JY3/mc/m/sc' undefined
(Font)              No change on input line 449.
> Step: init table outer spec.
> Step: parse table options.
> Step: split table.
> Step: init table inner spec.
> Step: parse table inner spec.
> Step: execute table commands.
> Step: calculate cell and line sizes.
> Step: build the whole table.
LaTeX Font Info:    Kanji font shape `JY3/mc/m/sc' undefined
(Font)              No change on input line 477.
LaTeX Font Info:    Kanji font shape `JY3/mc/m/sc' undefined
(Font)              No change on input line 477.
LaTeX Font Info:    Kanji font shape `JY3/mc/m/sc' undefined
(Font)              No change on input line 477.
 [6]
> Step: init table outer spec.
> Step: parse table options.
> Step: split table.
> Step: init table inner spec.
> Step: parse table inner spec.
> Step: execute table commands.
> Step: calculate cell and line sizes.
> Step: build the whole table.
LaTeX Font Info:    Kanji font shape `JY3/mc/m/sc' undefined
(Font)              No change on input line 523.
LaTeX Font Info:    Kanji font shape `JY3/mc/m/sc' undefined
(Font)              No change on input line 523.
LaTeX Font Info:    Kanji font shape `JY3/mc/m/sc' undefined
(Font)              No change on input line 523.
> Step: init table outer spec.
> Step: parse table options.
> Step: split table.
> Step: init table inner spec.
> Step: parse table inner spec.
> Step: execute table commands.
> Step: calculate cell and line sizes.
> Step: build the whole table.
LaTeX Font Info:    Kanji font shape `JY3/mc/m/sc' undefined
(Font)              No change on input line 567.
LaTeX Font Info:    Kanji font shape `JY3/mc/m/sc' undefined
(Font)              No change on input line 567.
LaTeX Font Info:    Kanji font shape `JY3/mc/m/sc' undefined
(Font)              No change on input line 567.
 [7]
> Step: init table outer spec.
> Step: parse table options.
> Step: split table.
> Step: init table inner spec.
> Step: parse table inner spec.
> Step: execute table commands.
> Step: calculate cell and line sizes.
> Step: build the whole table.
LaTeX Font Info:    Kanji font shape `JY3/mc/m/sc' undefined
(Font)              No change on input line 599.
LaTeX Font Info:    Kanji font shape `JY3/mc/m/sc' undefined
(Font)              No change on input line 599.
LaTeX Font Info:    Kanji font shape `JY3/mc/m/sc' undefined
(Font)              No change on input line 599.
> Step: init table outer spec.
> Step: parse table options.
> Step: split table.
> Step: init table inner spec.
> Step: parse table inner spec.
> Step: execute table commands.
> Step: calculate cell and line sizes.
> Step: build the whole table.

Underfull \vbox (badness 10000) has occurred while \output is active []

> Step: init table outer spec.
> Step: parse table options.
> Step: split table.
> Step: init table inner spec.
> Step: parse table inner spec.
> Step: execute table commands.
> Step: calculate cell and line sizes.
> Step: build the whole table.
> Step: init table outer spec.
> Step: parse table options.
> Step: split table.
> Step: init table inner spec.
> Step: parse table inner spec.
> Step: execute table commands.
> Step: calculate cell and line sizes.
> Step: build the whole table.
LaTeX Font Info:    Kanji font shape `JY3/mc/m/sc' undefined
(Font)              No change on input line 678.
LaTeX Font Info:    Kanji font shape `JY3/mc/m/sc' undefined
(Font)              No change on input line 678.
LaTeX Font Info:    Kanji font shape `JY3/mc/m/sc' undefined
(Font)              No change on input line 678.
 [8]
> Step: init table outer spec.
> Step: parse table options.
> Step: split table.
> Step: init table inner spec.
> Step: parse table inner spec.
> Step: execute table commands.
> Step: calculate cell and line sizes.
> Step: build the whole table.

Underfull \vbox (badness 10000) has occurred while \output is active []

> Step: init table outer spec.
> Step: parse table options.
> Step: split table.
> Step: init table inner spec.
> Step: parse table inner spec.
> Step: execute table commands.
> Step: calculate cell and line sizes.
> Step: build the whole table.
> Step: init table outer spec.
> Step: parse table options.
> Step: split table.
> Step: init table inner spec.
> Step: parse table inner spec.
> Step: execute table commands.
> Step: calculate cell and line sizes.
> Step: build the whole table.
> Step: init table outer spec.
> Step: parse table options.
> Step: split table.
> Step: init table inner spec.
> Step: parse table inner spec.
> Step: execute table commands.
> Step: calculate cell and line sizes.
> Step: build the whole table.
> Step: init table outer spec.
> Step: parse table options.
> Step: split table.
> Step: init table inner spec.
> Step: parse table inner spec.
> Step: execute table commands.
> Step: calculate cell and line sizes.
> Step: build the whole table.
LaTeX Font Info:    Kanji font shape `JY3/mc/m/sc' undefined
(Font)              No change on input line 765.
LaTeX Font Info:    Kanji font shape `JY3/mc/m/sc' undefined
(Font)              No change on input line 765.
LaTeX Font Info:    Kanji font shape `JY3/mc/m/sc' undefined
(Font)              No change on input line 765.
 [9]
> Step: init table outer spec.
> Step: parse table options.
> Step: split table.
> Step: init table inner spec.
> Step: parse table inner spec.
> Step: execute table commands.
> Step: calculate cell and line sizes.
> Step: build the whole table.
> Step: init table outer spec.
> Step: parse table options.
> Step: split table.
> Step: init table inner spec.
> Step: parse table inner spec.
> Step: execute table commands.
> Step: calculate cell and line sizes.
> Step: build the whole table.
> Step: init table outer spec.
> Step: parse table options.
> Step: split table.
> Step: init table inner spec.
> Step: parse table inner spec.
> Step: execute table commands.
> Step: calculate cell and line sizes.
> Step: build the whole table.
LaTeX Font Info:    Kanji font shape `JY3/mc/m/sc' undefined
(Font)              No change on input line 839.
LaTeX Font Info:    Kanji font shape `JY3/mc/m/sc' undefined
(Font)              No change on input line 839.
LaTeX Font Info:    Kanji font shape `JY3/mc/m/sc' undefined
(Font)              No change on input line 839.
> Step: init table outer spec.
> Step: parse table options.
> Step: split table.
> Step: init table inner spec.
> Step: parse table inner spec.
> Step: execute table commands.
> Step: calculate cell and line sizes.
> Step: build the whole table.
LaTeX Font Info:    Kanji font shape `JY3/mc/m/sc' undefined
(Font)              No change on input line 867.
LaTeX Font Info:    Kanji font shape `JY3/mc/m/sc' undefined
(Font)              No change on input line 867.
LaTeX Font Info:    Kanji font shape `JY3/mc/m/sc' undefined
(Font)              No change on input line 867.
 [10]
> Step: init table outer spec.
> Step: parse table options.
> Step: split table.
> Step: init table inner spec.
> Step: parse table inner spec.
> Step: execute table commands.
> Step: calculate cell and line sizes.
> Step: build the whole table.
LaTeX Font Info:    Kanji font shape `JY3/mc/m/sc' undefined
(Font)              No change on input line 906.
LaTeX Font Info:    Kanji font shape `JY3/mc/m/sc' undefined
(Font)              No change on input line 906.
LaTeX Font Info:    Kanji font shape `JY3/mc/m/sc' undefined
(Font)              No change on input line 906.
> Step: init table outer spec.
> Step: parse table options.
> Step: split table.
> Step: init table inner spec.
> Step: parse table inner spec.
> Step: execute table commands.
> Step: calculate cell and line sizes.
> Step: build the whole table.
LaTeX Font Info:    Kanji font shape `JY3/mc/m/sc' undefined
(Font)              No change on input line 937.
LaTeX Font Info:    Kanji font shape `JY3/mc/m/sc' undefined
(Font)              No change on input line 937.
LaTeX Font Info:    Kanji font shape `JY3/mc/m/sc' undefined
(Font)              No change on input line 937.
> Step: init table outer spec.
> Step: parse table options.
> Step: split table.
> Step: init table inner spec.
> Step: parse table inner spec.
> Step: execute table commands.
> Step: calculate cell and line sizes.
> Step: build the whole table.
LaTeX Font Info:    Kanji font shape `JY3/mc/m/sc' undefined
(Font)              No change on input line 963.
LaTeX Font Info:    Kanji font shape `JY3/mc/m/sc' undefined
(Font)              No change on input line 963.
LaTeX Font Info:    Kanji font shape `JY3/mc/m/sc' undefined
(Font)              No change on input line 963.
 [11]
> Step: init table outer spec.
> Step: parse table options.
> Step: split table.
> Step: init table inner spec.
> Step: parse table inner spec.
> Step: execute table commands.
> Step: calculate cell and line sizes.
> Step: build the whole table.
> Step: init table outer spec.
> Step: parse table options.
> Step: split table.
> Step: init table inner spec.
> Step: parse table inner spec.
> Step: execute table commands.
> Step: calculate cell and line sizes.
> Step: build the whole table.
LaTeX Font Info:    Kanji font shape `JY3/mc/m/sc' undefined
(Font)              No change on input line 1016.
LaTeX Font Info:    Kanji font shape `JY3/mc/m/sc' undefined
(Font)              No change on input line 1016.
LaTeX Font Info:    Kanji font shape `JY3/mc/m/sc' undefined
(Font)              No change on input line 1016.
> Step: init table outer spec.
> Step: parse table options.
> Step: split table.
> Step: init table inner spec.
> Step: parse table inner spec.
> Step: execute table commands.
> Step: calculate cell and line sizes.
> Step: build the whole table.
LaTeX Font Info:    Kanji font shape `JY3/mc/m/sc' undefined
(Font)              No change on input line 1057.
LaTeX Font Info:    Kanji font shape `JY3/mc/m/sc' undefined
(Font)              No change on input line 1057.
LaTeX Font Info:    Kanji font shape `JY3/mc/m/sc' undefined
(Font)              No change on input line 1057.
> Step: init table outer spec.
> Step: parse table options.
> Step: split table.
> Step: init table inner spec.
> Step: parse table inner spec.
> Step: execute table commands.
> Step: calculate cell and line sizes.
> Step: build the whole table.
LaTeX Font Info:    Kanji font shape `JY3/mc/m/sc' undefined
(Font)              No change on input line 1082.
LaTeX Font Info:    Kanji font shape `JY3/mc/m/sc' undefined
(Font)              No change on input line 1082.
LaTeX Font Info:    Kanji font shape `JY3/mc/m/sc' undefined
(Font)              No change on input line 1082.
 [12]
> Step: init table outer spec.
> Step: parse table options.
> Step: split table.
> Step: init table inner spec.
> Step: parse table inner spec.
> Step: execute table commands.
> Step: calculate cell and line sizes.
> Step: build the whole table.
LaTeX Font Info:    Kanji font shape `JY3/mc/m/sc' undefined
(Font)              No change on input line 1123.
LaTeX Font Info:    Kanji font shape `JY3/mc/m/sc' undefined
(Font)              No change on input line 1123.
LaTeX Font Info:    Kanji font shape `JY3/mc/m/sc' undefined
(Font)              No change on input line 1123.
> Step: init table outer spec.
> Step: parse table options.
> Step: split table.
> Step: init table inner spec.
> Step: parse table inner spec.
> Step: execute table commands.
> Step: calculate cell and line sizes.
> Step: build the whole table.
> Step: init table outer spec.
> Step: parse table options.
> Step: split table.
> Step: init table inner spec.
> Step: parse table inner spec.
> Step: execute table commands.
> Step: calculate cell and line sizes.
> Step: build the whole table.
> Step: init table outer spec.
> Step: parse table options.
> Step: split table.
> Step: init table inner spec.
> Step: parse table inner spec.
> Step: execute table commands.
> Step: calculate cell and line sizes.
> Step: build the whole table.
 [13]
> Step: init table outer spec.
> Step: parse table options.
> Step: split table.
> Step: init table inner spec.
> Step: parse table inner spec.
> Step: execute table commands.
> Step: calculate cell and line sizes.
> Step: build the whole table.
> Step: init table outer spec.
> Step: parse table options.
> Step: split table.
> Step: init table inner spec.
> Step: parse table inner spec.
> Step: execute table commands.
> Step: calculate cell and line sizes.
> Step: build the whole table.
LaTeX Font Info:    Kanji font shape `JY3/mc/m/sc' undefined
(Font)              No change on input line 1234.
LaTeX Font Info:    Kanji font shape `JY3/mc/m/sc' undefined
(Font)              No change on input line 1234.
LaTeX Font Info:    Kanji font shape `JY3/mc/m/sc' undefined
(Font)              No change on input line 1234.
> Step: init table outer spec.
> Step: parse table options.
> Step: split table.
> Step: init table inner spec.
> Step: parse table inner spec.
> Step: execute table commands.
> Step: calculate cell and line sizes.
> Step: build the whole table.
> Step: init table outer spec.
> Step: parse table options.
> Step: split table.
> Step: init table inner spec.
> Step: parse table inner spec.
> Step: execute table commands.
> Step: calculate cell and line sizes.
> Step: build the whole table.

Underfull \vbox (badness 10000) has occurred while \output is active []

 [14]
> Step: init table outer spec.
> Step: parse table options.
> Step: split table.
> Step: init table inner spec.
> Step: parse table inner spec.
> Step: execute table commands.
> Step: calculate cell and line sizes.
> Step: build the whole table.
LaTeX Font Info:    Kanji font shape `JY3/mc/m/sc' undefined
(Font)              No change on input line 1317.
LaTeX Font Info:    Kanji font shape `JY3/mc/m/sc' undefined
(Font)              No change on input line 1317.
LaTeX Font Info:    Kanji font shape `JY3/mc/m/sc' undefined
(Font)              No change on input line 1317.
> Step: init table outer spec.
> Step: parse table options.
> Step: split table.
> Step: init table inner spec.
> Step: parse table inner spec.
> Step: execute table commands.
> Step: calculate cell and line sizes.
> Step: build the whole table.
LaTeX Font Info:    Kanji font shape `JY3/mc/m/sc' undefined
(Font)              No change on input line 1343.
LaTeX Font Info:    Kanji font shape `JY3/mc/m/sc' undefined
(Font)              No change on input line 1343.
LaTeX Font Info:    Kanji font shape `JY3/mc/m/sc' undefined
(Font)              No change on input line 1343.
) (./LJA/Grammaire.tex [15]
LaTeX Font Info:    Kanji font shape `JY3/mc/m/it' undefined
(Font)              No change on input line 24.
LaTeX Font Info:    Kanji font shape `JY3/mc/m/it' undefined
(Font)              No change on input line 28.
LaTeX Font Info:    Kanji font shape `JY3/mc/m/it' undefined
(Font)              No change on input line 32.
LaTeX Font Info:    Kanji font shape `JY3/mc/m/it' undefined
(Font)              No change on input line 55.
LaTeX Font Info:    Kanji font shape `JY3/mc/m/it' undefined
(Font)              No change on input line 69.
 [16] [17]
LaTeX Font Info:    Kanji font shape `JY3/mc/m/it' undefined
(Font)              No change on input line 309.
LaTeX Font Info:    Kanji font shape `JY3/mc/m/it' undefined
(Font)              No change on input line 309.
LaTeX Font Info:    Kanji font shape `JY3/mc/m/it' undefined
(Font)              No change on input line 309.
LaTeX Font Info:    Kanji font shape `JY3/mc/m/it' undefined
(Font)              No change on input line 317.
LaTeX Font Info:    Kanji font shape `JY3/mc/m/it' undefined
(Font)              No change on input line 317.
LaTeX Font Info:    Kanji font shape `JY3/mc/m/it' undefined
(Font)              No change on input line 317.
LaTeX Font Info:    Kanji font shape `JY3/mc/m/it' undefined
(Font)              No change on input line 325.
LaTeX Font Info:    Kanji font shape `JY3/mc/m/it' undefined
(Font)              No change on input line 325.
LaTeX Font Info:    Kanji font shape `JY3/mc/m/it' undefined
(Font)              No change on input line 325.
 [18]
LaTeX Font Info:    Kanji font shape `JY3/mc/m/it' undefined
(Font)              No change on input line 460.
LaTeX Font Info:    Kanji font shape `JY3/mc/m/it' undefined
(Font)              No change on input line 483.
> Step: init table outer spec.
> Step: parse table options.
> Step: split table.
> Step: init table inner spec.
> Step: parse table inner spec.
> Step: execute table commands.
> Step: calculate cell and line sizes.
> Step: build the whole table.
LaTeX Font Info:    Kanji font shape `JY3/mc/m/it' undefined
(Font)              No change on input line 503.
 [19]
> Step: init table outer spec.
> Step: parse table options.
> Step: split table.
> Step: init table inner spec.
> Step: parse table inner spec.
> Step: execute table commands.
> Step: calculate cell and line sizes.
> Step: build the whole table.
> Step: init table outer spec.
> Step: parse table options.
> Step: split table.
> Step: init table inner spec.
> Step: parse table inner spec.
> Step: execute table commands.
> Step: calculate cell and line sizes.


Package tabularray Warning: Table width is too small, need 127.33736pt more!

> Step: build the whole table.

Overfull \hbox (127.33736pt too wide) in paragraph at lines 580--581
[][] 
 []

LaTeX Font Info:    Kanji font shape `JY3/mc/m/it' undefined
(Font)              No change on input line 615.
LaTeX Font Info:    Kanji font shape `JY3/mc/m/it' undefined
(Font)              No change on input line 623.
[20]
LaTeX Font Info:    Kanji font shape `JY3/mc/m/it' undefined
(Font)              No change on input line 631.
LaTeX Font Info:    Kanji font shape `JY3/mc/m/it' undefined
(Font)              No change on input line 664.
LaTeX Font Info:    Kanji font shape `JY3/mc/m/it' undefined
(Font)              No change on input line 664.
LaTeX Font Info:    Kanji font shape `JY3/mc/m/it' undefined
(Font)              No change on input line 664.
 [21]
> Step: init table outer spec.
> Step: parse table options.
> Step: split table.
> Step: init table inner spec.
> Step: parse table inner spec.
> Step: execute table commands.
> Step: calculate cell and line sizes.

Overfull \hbox (4.14705pt too wide) in paragraph at lines 756--756
[]\TU/LibertinusSerif(0)/b/n/10 Comp- 
 []

> Step: build the whole table.

Overfull \hbox (4.14705pt too wide) in paragraph at lines 756--756
[]\TU/LibertinusSerif(0)/b/n/10 Comp- 
 []


Underfull \hbox (badness 1043) in paragraph at lines 758--759
[]\TU/LibertinusSerif(0)/m/n/10 Cer-taines pro-non-cia-tions va-rient avec la com-bi-nai-son des
 []

) (./LJA/Conjugaison.tex
Underfull \vbox (badness 5741) has occurred while \output is active []

 [22]
> Step: init table outer spec.
> Step: parse table options.
> Step: split table.
> Step: init table inner spec.
> Step: parse table inner spec.
> Step: execute table commands.
> Step: calculate cell and line sizes.
> Step: build the whole table.

Underfull \hbox (badness 10000) in paragraph at lines 74--79
[]\TU/LibertinusSerif(0)/m/n/10 La né-ga-tion neutre peut être for-mée aux temps ac-
 []


Underfull \hbox (badness 5403) in paragraph at lines 74--79
\TU/LibertinusSerif(0)/m/n/10 com-plis et non-accomplis, par les for-mules sui-vantes |:
 []

> Step: init table outer spec.
> Step: parse table options.
> Step: split table.
> Step: init table inner spec.
> Step: parse table inner spec.
> Step: execute table commands.
> Step: calculate cell and line sizes.
> Step: build the whole table.
LaTeX Font Info:    Kanji font shape `JY3/mc/m/it' undefined
(Font)              No change on input line 120.
[23]
> Step: init table outer spec.
> Step: parse table options.
> Step: split table.
> Step: init table inner spec.
> Step: parse table inner spec.
> Step: execute table commands.
> Step: calculate cell and line sizes.
> Step: build the whole table.
> Step: init table outer spec.
> Step: parse table options.
> Step: split table.
> Step: init table inner spec.
> Step: parse table inner spec.
> Step: execute table commands.
> Step: calculate cell and line sizes.
> Step: build the whole table.

Underfull \hbox (badness 3503) in paragraph at lines 132--138
[]\TU/LibertinusSerif(0)/m/n/10 Le verbe |\JY3/mc/m/n/10 だ\TU/LibertinusSerif(0)/m/n/10 , le plus im-por-tant de la langue ja-po-naise,
 []


Underfull \hbox (badness 5985) in paragraph at lines 132--138
\TU/LibertinusSerif(0)/m/n/10 a un com-por-te-ment par-ti-cu-lier qu[]  il faut connaître |:
 []

LaTeX Font Info:    Kanji font shape `JY3/mc/m/it' undefined
(Font)              No change on input line 151.
> Step: init table outer spec.
> Step: parse table options.
> Step: split table.
> Step: init table inner spec.
> Step: parse table inner spec.
> Step: execute table commands.
> Step: calculate cell and line sizes.

Package tabularray Warning: Table width is too small, need 49.67125pt more!

> Step: build the whole table.

Overfull \hbox (49.67125pt too wide) in paragraph at lines 161--162
[][] 
 []


Underfull \vbox (badness 1173) has occurred while \output is active []

 [24]
LaTeX Font Info:    Kanji font shape `JY3/mc/m/it' undefined
(Font)              No change on input line 310.
 [25] [26]) [27

] (./LJA.aux)
 ***********
LaTeX2e <2023-11-01>
L3 programming layer <2023-12-11>
 ***********
Package rerunfilecheck Info: File `LJA.out' has not changed.
(rerunfilecheck)             Checksum: 44C2E4801465F05B7BC8FB3CEB7627BE;14187.
)

Here is how much of LuaTeX's memory you used:
 45991 strings out of 476506
 745329,10205817 words of node,token memory allocated
 7391 words of node memory still in use:
   35 hlist, 2 vlist, 19 rule, 1 local_par, 111 glue, 6 kern, 3 penalty, 90 glyph, 2170 attribute, 57 glue_spec, 259 attribute_list, 2 write, 13 user_defined, 24 pdf_literal, 24 pdf_colorstack nodes
   avail lists: 1:36,2:168979,3:5078,4:9616,5:997,6:537,7:16648,8:4,9:12792,10:16,11:552,12:1
 66747 multiletter control sequences out of 65536+600000
 69 fonts using 67412015 bytes
 107i,12n,113p,1784b,1428s stack positions out of 10000i,1000n,20000p,200000b,200000s
<c:/texlive/2023/texmf-dist/fonts/opentype/public/libertinus-fonts/LibertinusSerif-Italic.otf><c:/texlive/2023/texmf-dist/fonts/opentype/public/erewhon-math/Erewhon-Math.otf><c:/texlive/2023/texmf-dist/fonts/opentype/public/erewhon-math/Erewhon-Math.otf><c:/texlive/2023/texmf-dist/fonts/opentype/public/haranoaji/HaranoAjiGothic-Medium.otf><c:/texlive/2023/texmf-dist/fonts/opentype/public/haranoaji/HaranoAjiMincho-Regular.otf><c:/texlive/2023/texmf-dist/fonts/opentype/public/libertinus-fonts/LibertinusSerif-Regular.otf><c:/texlive/2023/texmf-dist/fonts/opentype/public/libertinus-fonts/LibertinusSerif-BoldItalic.otf><c:/texlive/2023/texmf-dist/fonts/opentype/public/libertinus-fonts/LibertinusSerif-Bold.otf><c:/texlive/2023/texmf-dist/fonts/type1/public/ccicons/ccicons.pfb>
Output written on LJA.pdf (28 pages, 551925 bytes).

PDF statistics: 976 PDF objects out of 1000 (max. 8388607)
 838 compressed objects within 9 object streams
 186 named destinations out of 1000 (max. 131072)
 1112 words of extra memory for PDF output out of 10000 (max. 100000000)

